fecha,Apert.,Cierre,Abs.,Rel.(%),Max.,Min.,operaci√≥n,titulos,efectivo
05-JAN-26,540.0,701.0,116.0,16.55,701.9,700.0,29,1712,1198504.5
02-JAN-26,540.0,585.0,45.0,7.69,600.0,435.0,31,547,298632.84
30-DEC-25,485.0,540.0,55.0,10.19,549.0,450.01,43,1813,970898.25
29-DEC-25,350.0,485.0,135.0,27.84,485.0,349.0,40,5370,2193978.0
26-DEC-25,300.0,350.0,50.0,14.29,350.0,300.0,46,1302,426320.0
23-DEC-25,299.7,300.0,0.3,0.1,309.99,295.0,23,1358,411099.94
22-DEC-25,299.99,299.7,-0.29,-0.1,315.0,280.01,37,6299,1893072.63
19-DEC-25,278.8,299.99,21.19,7.06,299.99,285.0,43,7613,2236015.18
18-DEC-25,278.9,278.8,-0.1,-0.04,297.0,275.0,18,4684,1298023.74
17-DEC-25,270.0,278.9,8.9,3.19,278.95,265.0,28,273,75852.95
16-DEC-25,270.0,270.0,0.0,0.0,279.0,256.01,49,3320,903404.88
15-DEC-25,279.0,270.0,-9.0,-3.33,279.0,265.0,20,1810,491633.9
12-DEC-25,279.95,279.0,-0.95,-0.34,288.0,278.95,17,201,56088.15
11-DEC-25,279.95,279.95,0.0,0.0,279.95,265.0,22,2350,635574.3
10-DEC-25,280.0,279.95,-0.05,-0.02,279.99,255.0,29,1436,393534.85
09-DEC-25,285.0,280.0,-5.0,-1.79,322.99,256.0,51,4533,1254357.81
05-DEC-25,279.0,285.0,6.0,2.11,285.0,270.0,20,2217,631363.6
04-DEC-25,277.5,279.0,1.5,0.54,279.0,267.0,25,3189,865505.0
03-DEC-25,274.0,277.5,3.5,1.26,280.0,272.0,28,953,264789.09
02-DEC-25,280.0,274.0,-6.0,-2.19,280.0,260.0,30,2073,563235.0
01-DEC-25,280.0,280.0,0.0,0.0,300.0,270.0,35,615,172058.73
2025-11-28 00:00:00,282.0,280.0,-2.0,-0.71,285.0,275.0,28,2363,650855.0
2025-11-27 00:00:00,284.95,282.0,-2.95,-1.05,285.0,282.0,17,237,67037.26
2025-11-26 00:00:00,265.0,284.95,19.95,7.0,285.0,261.0,33,2232,590143.89
2025-11-25 00:00:00,275.0,265.0,-10.0,-3.77,285.0,265.0,42,3024,836188.98
2025-11-21 00:00:00,280.0,275.0,-5.0,-1.82,285.0,275.0,31,923,256504.75
2025-11-20 00:00:00,280.0,280.0,0.0,0.0,285.0,279.0,32,482,136896.0
2025-11-19 00:00:00,271.03,280.0,8.97,3.2,285.99,275.0,31,577,163822.21
2025-11-18 00:00:00,287.0,271.03,-15.97,-5.89,297.98,271.0,59,1946,569922.49
2025-11-17 00:00:00,305.0,287.0,-18.0,-6.27,305.0,283.0,32,823,238734.69
2025-11-14 00:00:00,298.0,305.0,7.0,2.3,308.97,298.0,22,353,108490.5
2025-11-13 00:00:00,296.0,298.0,2.0,0.67,314.9,296.0,10,82,24870.4
2025-11-12 00:00:00,287.0,296.0,9.0,3.04,300.0,283.0,30,484,142759.0
2025-11-11 00:00:00,287.0,287.0,0.0,0.0,300.0,285.0,35,4144,1189998.0
2025-11-10 00:00:00,287.0,287.0,0.0,0.0,287.0,277.02,38,2890,826420.98
2025-11-07 00:00:00,286.0,287.0,1.0,0.35,287.0,280.0,37,1564,448558.02
2025-11-06 00:00:00,289.0,286.0,-3.0,-1.05,288.0,270.1,24,479,137553.5
2025-11-05 00:00:00,289.0,289.0,0.0,0.0,290.0,278.05,37,3088,871987.26
2025-11-04 00:00:00,289.9,289.0,-0.9,-0.31,294.95,285.0,31,494,143096.35
2025-11-03 00:00:00,290.0,289.9,-0.1,-0.03,297.0,285.0,36,327,96300.88
2025-10-31 00:00:00,298.0,290.0,-8.0,-2.76,299.99,290.0,44,4267,1239020.07
2025-10-30 00:00:00,304.97,298.0,-6.97,-2.34,304.97,290.0,32,340,101370.7
2025-10-29 00:00:00,319.99,304.97,-15.02,-4.93,319.99,301.0,32,632,194085.45
2025-10-28 00:00:00,315.0,319.99,4.99,1.56,320.0,285.0,28,753,238846.96
2025-10-27 00:00:00,320.0,315.0,-5.0,-1.59,320.0,300.0,28,643,204522.93
2025-10-24 00:00:00,305.0,320.0,15.0,4.69,325.0,300.0,31,904,282932.5
2025-10-23 00:00:00,280.0,305.0,25.0,8.2,305.0,276.05,36,9234,2699566.81
2025-10-22 00:00:00,284.9,280.0,-4.9,-1.75,284.0,256.02,41,2768,774527.96
2025-10-21 00:00:00,289.9,284.9,-5.0,-1.76,295.0,252.0,57,1747,495708.25
2025-10-17 00:00:00,290.0,289.9,-0.1,-0.03,290.0,284.99,54,1835,525793.25
2025-10-16 00:00:00,275.0,290.0,15.0,5.17,300.0,280.0,40,3030,880786.0
2025-10-15 00:00:00,257.0,275.0,18.0,6.55,290.0,250.0,29,1341,357424.25
2025-10-14 00:00:00,252.75,257.0,4.25,1.65,261.5,257.0,25,1908,490464.1
2025-10-13 00:00:00,262.0,256.0,-6.0,-2.34,261.5,245.0,41,3721,967890.27
2025-10-10 00:00:00,264.95,262.0,-2.95,-1.13,264.0,250.0,43,1839,484688.0
2025-10-09 00:00:00,245.0,264.95,19.95,7.53,270.0,250.0,31,2869,765746.65
2025-10-08 00:00:00,267.0,245.0,-22.0,-8.98,270.0,240.0,37,1217,316996.1
2025-10-07 00:00:00,245.0,267.0,22.0,8.24,290.0,250.0,32,2259,608250.6
2025-10-06 00:00:00,258.0,245.0,-13.0,-5.31,270.0,230.0,24,236,60852.0
2025-10-03 00:00:00,258.0,258.0,0.0,0.0,269.0,257.99,24,306,79805.93
2025-10-02 00:00:00,263.0,258.0,-5.0,-1.94,263.0,257.99,24,820,211917.22
2025-10-01 00:00:00,254.0,263.0,9.0,3.42,273.0,245.0,30,285,76209.0
2025-09-30 00:00:00,254.0,254.0,0.0,0.0,270.0,245.0,23,754,195053.4
2025-09-29 00:00:00,262.0,254.0,-8.0,-3.15,273.0,246.0,35,676,172084.05
2025-09-26 00:00:00,265.0,262.0,-3.0,-1.15,275.0,260.0,29,1026,271173.16
2025-09-25 00:00:00,269.0,265.0,-4.0,-1.51,270.0,259.0,27,364,96376.0
2025-09-24 00:00:00,239.9,269.0,29.1,10.82,269.0,220.0,14,1377,338367.0
2025-09-23 00:00:00,219.9,239.9,20.0,8.34,240.0,210.0,21,551,128697.7
2025-09-22 00:00:00,219.99,219.9,-0.09,-0.04,220.0,190.0,25,807,177165.65
2025-09-19 00:00:00,220.0,219.99,-0.01,0.0,220.0,200.0,25,790,171846.69
2025-09-18 00:00:00,221.5,220.0,-1.5,-0.68,221.5,215.0,29,1368,297902.51
2025-09-17 00:00:00,222.0,221.5,-0.5,-0.23,222.0,221.0,31,459,101647.1
2025-09-16 00:00:00,217.5,222.0,4.5,2.03,225.0,185.0,48,497,109770.6
2025-09-12 00:00:00,222.0,217.5,-4.5,-2.07,225.0,202.0,45,701,154652.9
2025-09-11 00:00:00,238.9,222.0,-16.9,-7.61,229.99,204.01,28,2898,635260.47
2025-09-10 00:00:00,247.9,238.9,-9.0,-3.77,249.5,235.0,23,315,76833.57
2025-09-09 00:00:00,255.0,247.9,-7.1,-2.86,254.99,220.0,19,368,91187.13
2025-09-08 00:00:00,255.0,255.0,0.0,0.0,255.0,215.0,33,580,147027.5
2025-09-05 00:00:00,245.0,255.0,10.0,3.92,255.0,230.0,41,501,126222.8
2025-09-04 00:00:00,245.0,245.0,0.0,0.0,249.0,240.0,33,2077,507204.0
2025-09-03 00:00:00,235.0,245.0,10.0,4.08,245.0,234.9,14,541,127576.5
2025-09-02 00:00:00,209.99,235.0,25.01,10.64,235.0,200.0,25,382,82045.64
2025-09-01 00:00:00,210.0,209.99,-0.01,0.0,210.0,200.0,32,1387,285789.61
29-AUG-25,210.0,210.0,0.0,0.0,220.0,209.99,14,226,48368.41
28-AUG-25,213.99,210.0,-3.99,-1.9,214.0,195.0,28,338,70850.3
27-AUG-25,215.0,213.99,-1.01,-0.47,215.0,210.0,14,219,46509.86
26-AUG-25,219.0,215.0,-4.0,-1.86,220.0,202.0,30,333,71531.69
25-AUG-25,215.0,219.0,4.0,1.83,220.0,215.0,30,473,103407.25
22-AUG-25,199.0,215.0,16.0,7.44,220.0,180.0,28,831,165297.1
21-AUG-25,190.0,199.0,9.0,4.52,200.0,194.0,28,1805,357394.2
20-AUG-25,199.75,190.0,-9.75,-5.13,200.0,185.0,46,722,142658.45
19-AUG-25,194.9,199.75,4.85,2.43,200.0,190.0,45,1352,262379.38
15-AUG-25,190.0,194.9,4.9,2.51,194.9,165.0,47,1085,200594.5
14-AUG-25,175.0,190.0,15.0,7.89,195.0,175.0,15,1101,195840.0
13-AUG-25,175.0,175.0,0.0,0.0,175.0,170.0,32,2980,521209.75
12-AUG-25,175.0,175.0,0.0,0.0,179.96,160.0,27,776,136217.55
11-AUG-25,167.0,175.0,8.0,4.57,180.0,167.0,33,295,52949.83
08-AUG-25,155.0,167.0,12.0,7.19,175.0,155.0,21,455,77430.0
07-AUG-25,153.95,155.0,1.05,0.68,155.0,151.0,21,643,99062.4
06-AUG-25,146.99,153.95,6.96,4.52,155.0,145.0,34,1172,173937.06
05-AUG-25,146.0,146.99,0.99,0.67,155.0,144.0,41,1648,243098.98
04-AUG-25,154.95,146.0,-8.95,-6.13,165.0,146.0,16,272,42064.8
01-AUG-25,157.8,154.95,-2.85,-1.84,158.0,140.5,23,360,55687.15
2025-07-31 00:00:00,157.9,157.8,-0.1,-0.06,157.9,140.5,13,111,17262.7
2025-07-30 00:00:00,157.85,157.9,0.05,0.03,159.0,143.0,24,477,73767.45
2025-07-29 00:00:00,154.0,157.85,3.85,2.44,159.0,152.0,18,641,100029.95
2025-07-28 00:00:00,145.01,154.0,8.99,5.84,159.0,145.0,20,1668,245801.0
2025-07-25 00:00:00,142.0,145.01,3.01,2.08,155.0,143.0,26,3084,448786.9
2025-07-23 00:00:00,147.9,142.0,-5.9,-4.15,150.0,140.0,28,1251,179362.6
2025-07-22 00:00:00,130.0,147.9,17.9,12.1,150.0,130.0,24,937,138051.0
2025-07-21 00:00:00,130.0,130.0,0.0,0.0,138.0,130.0,23,368,49922.0
2025-07-18 00:00:00,124.9,130.0,5.1,3.92,130.0,124.9,28,1518,193923.3
2025-07-17 00:00:00,117.0,124.9,7.9,6.33,124.9,123.95,24,753,93424.65
2025-07-16 00:00:00,116.0,117.0,1.0,0.85,124.9,117.0,22,1405,168667.4
2025-07-15 00:00:00,115.0,116.0,1.0,0.86,123.0,116.0,23,2341,280950.0
2025-07-14 00:00:00,114.0,115.0,1.0,0.87,120.0,112.0,26,523,60509.16
2025-07-11 00:00:00,113.0,114.0,1.0,0.88,115.0,106.0,20,382,43079.93
2025-07-10 00:00:00,105.0,113.0,8.0,7.08,115.0,105.25,17,3870,435312.5
2025-07-09 00:00:00,105.0,105.0,0.0,0.0,115.0,104.25,21,896,94643.05
2025-07-08 00:00:00,107.0,105.0,-2.0,-1.9,109.94,102.0,23,380,40524.44
2025-07-07 00:00:00,106.9,107.0,0.1,0.09,110.0,107.0,14,428,46156.0
2025-07-04 00:00:00,105.0,106.9,1.9,1.78,107.0,96.0,23,388,41096.2
2025-07-03 00:00:00,98.5,105.0,6.5,6.19,105.0,101.0,21,1556,158292.0
2025-07-02 00:00:00,98.5,98.5,0.0,0.0,102.0,95.05,25,1260,123877.65
2025-07-01 00:00:00,99.0,98.5,-0.5,-0.51,99.0,96.0,21,519,51084.0
2025-06-30 00:00:00,101.0,99.0,-2.0,-2.02,99.89,97.0,7,326,31965.56
2025-06-27 00:00:00,99.89,101.0,1.11,1.1,101.0,99.0,22,663,66206.42
2025-06-26 00:00:00,99.0,99.89,0.89,0.89,103.0,99.0,17,309,31162.4
2025-06-25 00:00:00,97.99,99.0,1.01,1.02,100.0,98.0,18,1921,190880.8
2025-06-20 00:00:00,97.75,97.99,0.24,0.24,98.99,97.25,16,406,39774.38
2025-06-19 00:00:00,98.5,97.75,-0.75,-0.77,97.75,93.0,20,1292,123763.25
2025-06-18 00:00:00,100.0,98.5,-1.5,-1.52,100.0,90.0,14,360,35769.87
2025-06-17 00:00:00,89.99,100.0,10.01,10.01,100.0,87.0,16,622,56346.96
2025-06-13 00:00:00,89.0,89.99,0.99,1.1,89.99,89.99,13,251,22587.49
2025-06-12 00:00:00,89.0,89.0,0.0,0.0,89.99,83.0,13,2147,182805.18
2025-06-11 00:00:00,89.0,89.0,0.0,0.0,90.0,85.0,11,1028,89983.0
2025-06-10 00:00:00,80.0,89.0,9.0,10.11,90.0,80.0,12,473,40705.0
2025-06-09 00:00:00,80.0,80.0,0.0,0.0,88.0,71.0,31,4977,392890.5
2025-06-06 00:00:00,80.0,80.0,0.0,0.0,85.0,76.0,19,1101,88920.05
2025-06-05 00:00:00,78.0,80.0,2.0,2.5,90.0,78.0,13,1972,158150.0
2025-06-04 00:00:00,78.98,78.0,-0.98,-1.26,83.9,78.0,17,562,44639.98
2025-06-03 00:00:00,79.0,78.98,-0.02,-0.03,79.0,78.98,8,144,11375.5
2025-05-30 00:00:00,79.0,79.0,0.0,0.0,85.0,78.95,15,955,75644.15
2025-05-29 00:00:00,78.7,79.0,0.3,0.38,79.0,75.0,19,1772,133988.0
2025-05-28 00:00:00,78.7,78.7,0.0,0.0,79.0,78.7,14,592,46625.8
2025-05-27 00:00:00,79.0,78.7,-0.3,-0.38,80.0,77.0,23,2145,166384.56
2025-05-26 00:00:00,74.0,79.0,5.0,6.33,80.0,74.0,10,531,39979.0
2025-05-23 00:00:00,74.3,74.0,-0.3,-0.41,74.15,71.0,23,1240,89844.28
2025-05-22 00:00:00,75.5,74.3,-1.2,-1.62,74.9,74.3,14,208,15502.65
2025-05-21 00:00:00,76.0,75.5,-0.5,-0.66,76.0,73.0,27,3037,224820.17
2025-05-20 00:00:00,79.0,76.0,-3.0,-3.95,79.8,73.1,14,760,58264.75
2025-05-19 00:00:00,80.0,79.0,-1.0,-1.27,80.0,75.0,27,2240,178238.8
2025-05-16 00:00:00,70.0,80.0,10.0,12.5,80.0,71.9,14,255,19995.0
2025-05-15 00:00:00,60.0,70.0,10.0,14.29,70.0,61.0,6,239,15463.0
2025-05-14 00:00:00,57.35,60.0,2.65,4.42,64.0,55.0,13,833,49724.0
2025-05-13 00:00:00,55.95,57.35,1.4,2.44,57.35,54.15,19,1084,60486.77
2025-05-12 00:00:00,55.89,55.95,0.06,0.11,57.35,55.89,11,206,11566.5
2025-05-09 00:00:00,55.5,55.89,0.39,0.7,56.0,55.5,10,815,45338.37
2025-05-08 00:00:00,56.0,55.5,-0.5,-0.9,56.0,55.5,6,149,8324.5
2025-05-07 00:00:00,56.0,56.0,0.0,0.0,56.2,56.0,8,538,30135.0
2025-05-06 00:00:00,56.19,56.0,-0.19,-0.34,56.2,53.05,16,1133,63370.05
2025-05-05 00:00:00,56.65,56.19,-0.46,-0.82,56.5,56.19,10,118,6636.01
2025-05-02 00:00:00,56.9,56.65,-0.25,-0.44,56.8,56.65,5,306,17338.89
30-APR-25,56.5,56.9,0.4,0.7,56.9,56.5,10,326,18516.2
29-APR-25,57.0,56.5,-0.5,-0.88,57.39,56.0,16,391,22143.25
28-APR-25,57.0,57.0,0.0,0.0,57.39,55.5,9,135,7604.56
25-APR-25,56.99,57.0,0.01,0.02,57.0,55.66,13,737,42006.32
24-APR-25,57.35,56.99,-0.36,-0.63,57.39,52.0,18,1176,62961.43
23-APR-25,57.4,57.35,-0.05,-0.09,57.4,54.0,19,809,44497.07
22-APR-25,58.0,57.4,-0.6,-1.05,58.0,54.1,15,2100,120456.2
21-APR-25,58.48,58.0,-0.48,-0.83,58.0,52.01,15,459,25830.3
16-APR-25,58.85,58.48,-0.37,-0.63,58.55,58.48,7,380,22224.61
15-APR-25,57.55,58.85,1.3,2.21,58.85,57.55,3,105,6094.6
14-APR-25,59.9,58.59,-1.31,-2.24,59.89,58.5,11,164,9664.97
11-APR-25,59.9,59.9,0.0,0.0,59.87,59.55,3,36,2149.77
10-APR-25,60.0,59.9,-0.1,-0.17,59.95,55.0,12,306,17919.85
09-APR-25,60.0,60.0,0.0,0.0,60.0,56.1,8,201,11992.2
08-APR-25,59.95,60.0,0.05,0.08,60.0,60.0,7,175,10500.0
07-APR-25,56.85,59.95,3.1,5.17,60.0,54.5,9,478,27345.68
04-APR-25,52.05,56.85,4.8,8.44,57.0,56.84,12,456,25931.05
03-APR-25,56.9,52.05,-4.85,-9.32,56.9,52.05,12,468,25288.85
02-APR-25,57.99,56.9,-1.09,-1.92,57.99,54.0,19,1467,81065.73
01-APR-25,58.98,57.99,-0.99,-1.71,58.99,55.0,14,904,52829.16
2025-03-31 00:00:00,59.0,58.98,-0.02,-0.03,59.0,58.98,6,127,7490.75
2025-03-28 00:00:00,59.0,59.0,0.0,0.0,59.0,59.0,12,188,11092.0
2025-03-27 00:00:00,59.0,59.0,0.0,0.0,59.0,58.99,12,141,8318.7
2025-03-26 00:00:00,53.7,59.0,5.3,8.98,59.0,53.5,23,1616,86672.32
2025-03-25 00:00:00,50.0,53.7,3.7,6.89,54.0,50.0,11,337,17953.0
2025-03-24 00:00:00,50.0,50.0,0.0,0.0,50.0,50.0,15,767,38350.0
2025-03-21 00:00:00,49.4,50.0,0.6,1.2,50.0,46.0,14,294,14110.8
2025-03-20 00:00:00,49.45,49.4,-0.05,-0.1,49.7,49.3,13,191,9449.51
2025-03-18 00:00:00,42.7,49.45,6.75,13.65,49.75,44.0,21,1127,51781.9
2025-03-17 00:00:00,42.7,42.7,0.0,0.0,49.75,42.7,22,1183,50401.83
2025-03-14 00:00:00,42.7,42.7,0.0,0.0,43.0,42.69,21,1011,43305.72
2025-03-13 00:00:00,42.7,42.7,0.0,0.0,42.9,42.5,6,50,2125.8
2025-03-12 00:00:00,39.75,42.7,2.95,6.91,43.0,42.7,7,145,6196.35
2025-03-11 00:00:00,39.5,39.75,0.25,0.63,39.75,39.5,14,256,10141.0
2025-03-10 00:00:00,39.0,39.5,0.5,1.27,39.5,39.5,14,1490,58855.0
2025-03-07 00:00:00,40.0,39.0,-1.0,-2.56,42.0,38.9,14,1387,54198.23
2025-03-06 00:00:00,39.88,40.0,0.12,0.3,43.0,39.99,10,285,11751.97
2025-03-05 00:00:00,40.38,39.88,-0.5,-1.25,40.38,39.88,13,387,15550.71
2025-02-28 00:00:00,40.7,40.38,-0.32,-0.79,40.5,40.38,16,278,11234.1
2025-02-27 00:00:00,42.0,40.7,-1.3,-3.19,42.0,40.7,12,465,19192.99
2025-02-26 00:00:00,41.0,42.0,1.0,2.38,45.0,42.0,10,723,30107.0
2025-02-25 00:00:00,41.0,41.0,0.0,0.0,43.9,41.0,6,246,10279.2
2025-02-24 00:00:00,38.0,41.0,3.0,7.32,41.5,37.65,18,1143,46702.25
2025-02-21 00:00:00,34.2,38.0,3.8,10.0,38.0,36.0,20,1803,66096.0
2025-02-20 00:00:00,32.25,34.2,1.95,5.7,35.0,32.45,19,474,15882.94
2025-02-19 00:00:00,32.1,32.25,0.15,0.47,32.7,32.0,21,3864,124559.6
2025-02-18 00:00:00,32.9,32.1,-0.8,-2.49,33.0,31.99,21,2897,93736.4
2025-02-17 00:00:00,33.0,32.9,-0.1,-0.3,33.2,32.81,27,3663,120564.78
2025-02-14 00:00:00,33.99,33.0,-0.99,-3.0,34.2,33.0,12,9838,325636.92
2025-02-13 00:00:00,34.0,33.99,-0.01,-0.03,34.25,33.99,9,437,14867.33
2025-02-12 00:00:00,34.25,34.0,-0.25,-0.74,34.2,34.0,4,994,33360.8
2025-02-11 00:00:00,34.5,34.25,-0.25,-0.73,34.5,34.25,8,562,19259.14
2025-02-10 00:00:00,34.5,34.5,0.0,0.0,34.75,34.5,10,610,21180.0
2025-02-07 00:00:00,34.75,34.5,-0.25,-0.72,34.75,34.5,11,358,12393.61
2025-02-06 00:00:00,34.5,34.75,0.25,0.72,34.75,34.5,9,162,5621.9
2025-02-05 00:00:00,34.5,34.5,0.0,0.0,34.75,34.5,5,71,2453.39
2025-02-04 00:00:00,32.65,34.5,1.85,5.36,35.0,34.5,13,387,13458.64
2025-02-03 00:00:00,32.7,32.65,-0.05,-0.15,32.7,32.65,7,73,2384.45
31-JAN-25,31.75,32.7,0.95,2.91,36.0,31.75,9,142,4657.0
30-JAN-25,30.0,31.75,1.75,5.51,32.0,30.0,16,740,22578.5
29-JAN-25,29.0,30.0,1.0,3.33,30.0,29.0,5,207,6128.0
28-JAN-25,28.5,29.0,0.5,1.72,31.0,28.5,14,811,23422.1
27-JAN-25,28.0,28.5,0.5,1.75,30.0,28.0,8,166,4692.5
24-JAN-25,28.9,28.0,-0.9,-3.21,29.45,28.0,11,196,5657.03
23-JAN-25,29.0,28.9,-0.1,-0.35,29.0,28.1,13,448,12891.37
22-JAN-25,28.89,29.0,0.11,0.38,29.4,28.95,8,318,9301.75
21-JAN-25,29.4,28.89,-0.51,-1.77,29.4,27.0,12,1814,51791.8
20-JAN-25,29.0,29.4,0.4,1.36,33.0,26.5,17,6291,170740.6
17-JAN-25,28.0,29.0,1.0,3.45,29.0,28.0,7,926,25948.0
16-JAN-25,28.0,28.0,0.0,0.0,28.0,28.0,6,414,11795.0
15-JAN-25,29.0,28.0,-1.0,-3.57,32.0,28.0,12,490,14274.67
14-JAN-25,30.0,29.0,-1.0,-3.45,29.95,26.0,18,8446,220249.35
10-JAN-25,27.5,30.0,2.5,8.33,30.0,27.5,14,1073,31516.16
09-JAN-25,27.38,27.5,0.12,0.44,27.5,27.29,13,10349,284294.5
08-JAN-25,26.85,27.38,0.53,1.94,27.5,26.0,16,329,8850.83
07-JAN-25,25.88,26.85,0.97,3.61,26.95,25.88,10,3140,81457.94
03-JAN-25,22.1,25.88,3.78,14.61,25.88,24.0,5,573,13952.64
02-JAN-25,24.23,22.1,-2.13,-9.64,26.0,22.1,5,402,10163.65
30-DEC-24,23.48,24.23,0.75,3.1,25.0,24.23,10,503,12222.45
27-DEC-24,22.5,23.48,0.98,4.17,23.5,22.5,14,1760,40820.3
26-DEC-24,21.0,22.5,1.5,6.67,23.0,21.01,14,2212,50207.03
23-DEC-24,21.0,21.0,0.0,0.0,24.9,24.9,1,5,124.5
20-DEC-24,20.0,21.0,1.0,4.76,21.0,20.2,17,6058,122782.8
19-DEC-24,20.0,20.0,0.0,0.0,23.45,19.35,28,5548,111008.9
18-DEC-24,19.95,20.0,0.05,0.25,20.0,20.0,6,271,5420.0
17-DEC-24,19.0,19.95,0.95,4.76,20.0,19.0,17,1022,19941.95
16-DEC-24,19.25,19.0,-0.25,-1.32,19.25,19.0,11,1108,21084.85
12-DEC-24,19.74,19.75,0.01,0.05,19.75,19.35,3,440,8498.5
11-DEC-24,19.85,19.74,-0.11,-0.56,19.9,19.55,13,753,14888.29
10-DEC-24,19.99,19.85,-0.14,-0.71,19.98,19.5,9,725,14223.9
09-DEC-24,19.18,19.99,0.81,4.05,19.99,19.5,3,157,3089.43
06-DEC-24,19.15,19.18,0.03,0.16,19.18,19.15,9,770,14752.31
05-DEC-24,19.15,19.15,0.0,0.0,19.18,19.15,13,619,11864.98
04-DEC-24,19.1,19.15,0.05,0.26,19.2,18.35,7,423,7883.85
03-DEC-24,19.25,19.1,-0.15,-0.79,19.25,18.0,13,3154,58080.21
02-DEC-24,19.29,19.25,-0.04,-0.21,19.29,19.25,17,398,7672.09
2024-11-29 00:00:00,19.45,19.29,-0.16,-0.83,19.35,19.2,8,614,11848.38
2024-11-28 00:00:00,19.0,19.45,0.45,2.31,19.85,19.45,3,360,7021.84
2024-11-27 00:00:00,20.39,19.0,-1.39,-7.32,20.5,19.0,11,1611,32141.74
2024-11-26 00:00:00,20.5,20.39,-0.11,-0.54,20.5,20.0,13,1214,24757.82
2024-11-25 00:00:00,20.5,20.5,0.0,0.0,21.0,20.5,8,1017,20851.0
2024-11-22 00:00:00,20.49,20.5,0.01,0.05,20.99,20.5,10,629,12943.7
2024-11-21 00:00:00,21.25,20.49,-0.76,-3.71,21.2,20.49,5,298,6139.99
2024-11-20 00:00:00,21.3,21.25,-0.05,-0.24,21.3,20.0,12,533,11150.3
2024-11-19 00:00:00,21.39,21.3,-0.09,-0.42,22.9,21.3,13,1045,22337.84
2024-11-15 00:00:00,21.99,21.39,-0.6,-2.81,23.0,20.0,11,204,4390.0
2024-11-14 00:00:00,19.95,21.99,2.04,9.28,23.0,20.0,18,539,11421.1
2024-11-13 00:00:00,19.35,19.95,0.6,3.01,19.95,19.45,15,3020,59875.5
2024-11-12 00:00:00,18.55,19.35,0.8,4.13,19.45,19.0,9,2442,46811.9
2024-11-11 00:00:00,19.29,18.55,-0.74,-3.99,19.45,18.55,5,177,3325.65
2024-11-08 00:00:00,19.35,19.29,-0.06,-0.31,19.35,19.25,13,462,8920.6
2024-11-07 00:00:00,19.3,19.35,0.05,0.26,19.45,19.3,18,1884,36504.54
2024-11-06 00:00:00,19.3,19.3,0.0,0.0,19.5,19.3,12,429,8324.35
2024-11-05 00:00:00,19.4,19.3,-0.1,-0.52,19.5,17.52,19,475,9190.38
2024-11-01 00:00:00,19.4,19.4,0.0,0.0,19.63,19.4,8,196,3807.76
2024-10-31 00:00:00,19.44,19.4,-0.04,-0.21,19.63,18.5,11,257,4975.91
2024-10-30 00:00:00,19.63,19.44,-0.19,-0.98,19.6,19.3,18,589,11495.05
2024-10-29 00:00:00,19.75,19.63,-0.12,-0.61,19.7,19.63,11,235,4616.6
2024-10-28 00:00:00,18.0,19.75,1.75,8.86,20.0,18.01,9,96,1898.71
2024-10-25 00:00:00,18.0,18.0,0.0,0.0,20.0,18.0,15,834,15262.36
2024-10-24 00:00:00,17.0,18.0,1.0,5.56,18.0,17.1,9,1824,31413.5
2024-10-23 00:00:00,17.0,17.0,0.0,0.0,17.15,17.0,12,858,14647.1
2024-10-22 00:00:00,17.0,17.0,0.0,0.0,17.2,17.0,15,1365,23309.8
2024-10-21 00:00:00,15.9,17.0,1.1,6.47,17.5,15.9,8,147,2439.55
2024-10-18 00:00:00,15.49,15.9,0.41,2.58,15.9,15.5,26,5230,81526.25
2024-10-17 00:00:00,15.5,15.49,-0.01,-0.06,15.5,15.49,16,1009,15638.7
2024-10-16 00:00:00,15.5,15.5,0.0,0.0,15.5,15.49,8,545,8447.25
2024-10-15 00:00:00,15.5,15.5,0.0,0.0,16.0,15.5,9,638,9940.6
2024-10-14 00:00:00,15.48,15.5,0.02,0.13,15.8,15.5,8,1011,15672.0
2024-10-11 00:00:00,15.4,15.48,0.08,0.52,15.5,15.48,16,1304,20204.29
2024-10-10 00:00:00,15.34,15.4,0.06,0.39,16.9,15.4,18,6435,101311.6
2024-10-09 00:00:00,15.35,15.34,-0.01,-0.07,15.34,15.34,8,257,3942.38
2024-10-08 00:00:00,14.71,15.35,0.64,4.17,15.4,15.3,13,1950,29939.28
2024-10-07 00:00:00,15.38,15.38,0.0,0.0,15.99,15.38,14,1095,17116.84
2024-10-04 00:00:00,15.39,15.38,-0.01,-0.07,15.45,15.38,7,229,3524.35
2024-10-03 00:00:00,15.39,15.39,0.0,0.0,15.5,15.0,14,2473,37789.53
2024-10-02 00:00:00,15.39,15.39,0.0,0.0,15.5,15.0,13,345,5296.28
2024-10-01 00:00:00,15.39,15.39,0.0,0.0,15.44,15.3,20,925,14250.08
2024-09-30 00:00:00,15.44,15.39,-0.05,-0.32,15.39,15.3,8,245,3764.25
2024-09-27 00:00:00,15.49,15.44,-0.05,-0.32,15.55,15.44,9,676,10467.62
2024-09-26 00:00:00,15.54,15.49,-0.05,-0.32,15.54,15.49,13,902,13997.18
2024-09-25 00:00:00,15.5,15.54,0.04,0.26,15.55,15.4,14,1574,24369.03
2024-09-24 00:00:00,15.6,15.5,-0.1,-0.65,15.53,15.5,11,1474,22847.54
2024-09-23 00:00:00,15.3,15.6,0.3,1.92,15.6,15.3,12,983,15226.5
2024-09-20 00:00:00,15.5,15.3,-0.2,-1.31,15.5,15.3,8,1224,18859.08
2024-09-19 00:00:00,15.5,15.5,0.0,0.0,15.5,15.5,8,614,9517.0
2024-09-18 00:00:00,15.38,15.5,0.12,0.77,15.89,15.1,14,2903,44720.65
2024-09-17 00:00:00,15.0,15.38,0.38,2.47,16.0,15.0,10,561,8542.31
2024-09-13 00:00:00,14.99,15.0,0.01,0.07,16.5,15.0,9,722,11064.95
2024-09-12 00:00:00,15.2,14.99,-0.21,-1.4,17.0,14.91,13,702,10483.13
2024-09-11 00:00:00,15.4,15.2,-0.2,-1.32,16.0,15.2,3,30,460.8
2024-09-10 00:00:00,15.0,15.4,0.4,2.6,15.5,15.0,13,194,2947.9
2024-09-09 00:00:00,15.35,15.0,-0.35,-2.33,15.35,15.0,6,223,3373.0
2024-09-06 00:00:00,15.65,15.35,-0.3,-1.95,15.74,15.35,5,347,5431.21
2024-09-05 00:00:00,15.0,15.65,0.65,4.15,15.89,15.65,8,210,3298.65
2024-09-04 00:00:00,14.3,15.0,0.7,4.67,15.0,14.15,30,3582,52269.5
2024-09-03 00:00:00,14.74,14.3,-0.44,-3.08,14.74,14.3,13,2445,35078.46
2024-09-02 00:00:00,14.75,14.74,-0.01,-0.07,15.5,14.2,16,2333,33276.0
29-AUG-24,15.0,14.75,-0.25,-1.69,15.0,14.5,15,720,10654.05
28-AUG-24,15.02,15.0,-0.02,-0.13,15.1,15.0,20,1407,21138.66
27-AUG-24,16.25,15.02,-1.23,-8.19,16.0,15.02,10,311,4764.65
26-AUG-24,16.35,16.25,-0.1,-0.62,16.35,15.9,15,1114,17959.05
23-AUG-24,16.38,16.35,-0.03,-0.18,16.4,16.0,7,750,12093.79
22-AUG-24,16.4,16.38,-0.02,-0.12,16.4,16.38,2,188,3079.54
21-AUG-24,15.6,16.4,0.8,4.88,16.5,15.6,25,7701,120395.8
20-AUG-24,15.6,15.6,0.0,0.0,15.65,15.6,17,1320,20593.21
16-AUG-24,15.65,15.6,-0.05,-0.32,15.65,15.6,13,242,3783.5
15-AUG-24,16.0,15.65,-0.35,-2.24,16.25,15.2,14,887,14076.31
14-AUG-24,16.48,16.0,-0.48,-3.0,16.5,16.0,12,952,15659.38
13-AUG-24,16.7,16.48,-0.22,-1.33,16.7,16.0,17,1302,21478.28
12-AUG-24,18.5,16.7,-1.8,-10.78,18.35,16.7,16,1559,26861.65
09-AUG-24,18.99,18.5,-0.49,-2.65,18.5,18.5,3,75,1387.5
08-AUG-24,19.44,18.99,-0.45,-2.37,19.35,18.99,14,806,15468.58
07-AUG-24,19.49,19.44,-0.05,-0.26,20.0,19.43,5,438,8520.41
06-AUG-24,19.7,19.49,-0.21,-1.08,20.0,18.5,8,1398,26168.27
05-AUG-24,19.99,19.7,-0.29,-1.47,19.99,19.7,8,1226,24222.44
02-AUG-24,19.99,19.99,0.0,0.0,23.9,19.99,15,669,15019.82
2024-07-31 00:00:00,19.99,19.99,0.0,0.0,19.99,19.99,6,95,1899.05
2024-07-30 00:00:00,18.5,19.99,1.49,7.45,19.99,19.99,2,97,1939.03
2024-07-29 00:00:00,18.5,18.5,0.0,0.0,19.99,19.99,2,20,399.8
2024-07-26 00:00:00,19.95,18.5,-1.45,-7.84,19.99,18.48,19,402,7480.84
2024-07-25 00:00:00,18.0,19.95,1.95,9.77,20.0,19.0,12,241,4761.75
2024-07-23 00:00:00,17.0,18.0,1.0,5.56,19.5,17.5,9,485,8521.3
2024-07-22 00:00:00,17.0,17.0,0.0,0.0,17.0,17.0,7,396,6732.0
2024-07-19 00:00:00,17.0,17.0,0.0,0.0,17.5,17.0,8,128,2213.0
2024-07-18 00:00:00,16.86,17.0,0.14,0.82,17.47,17.0,15,570,9745.3
2024-07-17 00:00:00,17.0,16.86,-0.14,-0.83,17.0,16.86,24,1785,30272.15
2024-07-16 00:00:00,16.99,17.0,0.01,0.06,17.2,17.0,10,829,14132.0
2024-07-15 00:00:00,15.0,16.99,1.99,11.71,17.25,15.0,11,439,7350.35
2024-07-12 00:00:00,14.85,15.0,0.15,1.0,15.0,15.0,6,190,2850.0
2024-07-11 00:00:00,14.95,14.85,-0.1,-0.67,14.9,14.85,10,334,4972.67
2024-07-10 00:00:00,14.7,14.95,0.25,1.67,14.95,14.7,6,203,2995.6
2024-07-09 00:00:00,14.8,14.7,-0.1,-0.68,14.75,13.95,13,9957,139240.2
2024-07-08 00:00:00,14.89,14.8,-0.09,-0.61,14.89,14.0,11,1174,17261.6
2024-07-04 00:00:00,15.5,14.89,-0.61,-4.1,14.9,14.89,4,137,2040.63
2024-07-03 00:00:00,13.95,15.5,1.55,10.0,15.5,15.5,4,48,744.0
2024-07-02 00:00:00,13.95,13.95,0.0,0.0,13.95,13.95,11,3129,43649.55
2024-07-01 00:00:00,13.95,13.95,0.0,0.0,13.95,13.95,8,785,10950.75
2024-06-28 00:00:00,12.48,13.95,1.47,10.54,14.5,12.48,11,295,3996.43
2024-06-27 00:00:00,12.25,12.48,0.23,1.84,12.48,12.45,9,797,9923.41
2024-06-26 00:00:00,12.25,12.25,0.0,0.0,12.25,12.2,5,301,3686.25
2024-06-25 00:00:00,12.25,12.25,0.0,0.0,12.25,12.25,6,609,7460.25
2024-06-21 00:00:00,12.25,12.25,0.0,0.0,12.3,12.3,1,16,196.8
2024-06-20 00:00:00,11.72,12.25,0.53,4.33,12.49,12.25,6,208,2572.0
2024-06-19 00:00:00,11.72,11.72,0.0,0.0,11.72,11.72,7,100,1172.0
2024-06-18 00:00:00,11.73,11.72,-0.01,-0.09,11.73,11.23,9,277,3215.19
2024-06-14 00:00:00,11.73,11.73,0.0,0.0,12.0,11.73,8,586,6901.0
2024-06-13 00:00:00,11.74,11.73,-0.01,-0.09,11.74,11.73,5,156,1830.88
2024-06-12 00:00:00,11.73,11.74,0.01,0.09,11.75,11.5,12,490,5751.35
2024-06-11 00:00:00,11.74,11.73,-0.01,-0.09,11.73,11.5,3,78,908.04
2024-06-10 00:00:00,11.75,11.74,-0.01,-0.09,11.74,11.74,6,559,6562.66
2024-06-07 00:00:00,11.74,11.75,0.01,0.09,11.75,11.74,5,334,3924.2
2024-06-06 00:00:00,11.74,11.74,0.0,0.0,11.74,11.74,1,70,821.8
2024-06-05 00:00:00,11.75,11.74,-0.01,-0.09,11.75,11.74,8,703,8253.37
2024-06-04 00:00:00,11.75,11.75,0.0,0.0,12.0,11.74,8,835,9917.2
2024-05-31 00:00:00,11.75,11.75,0.0,0.0,11.75,11.75,9,1218,14311.5
2024-05-30 00:00:00,11.75,11.75,0.0,0.0,11.75,11.75,9,906,10645.5
2024-05-29 00:00:00,11.84,11.75,-0.09,-0.77,11.84,11.75,5,698,8207.8
2024-05-28 00:00:00,10.95,11.84,0.89,7.52,12.0,11.84,7,391,4679.05
2024-05-27 00:00:00,10.95,10.95,0.0,0.0,11.5,10.95,5,1048,11553.15
2024-05-24 00:00:00,11.0,10.95,-0.05,-0.46,10.95,10.01,5,3235,32634.5
2024-05-23 00:00:00,11.0,11.0,0.0,0.0,11.0,10.75,8,5950,64300.0
2024-05-22 00:00:00,11.0,11.0,0.0,0.0,11.0,10.51,7,971,10464.7
2024-05-21 00:00:00,11.0,11.0,0.0,0.0,11.2,11.0,4,68,754.0
2024-05-20 00:00:00,10.65,11.0,0.35,3.18,11.0,11.0,5,335,3685.0
2024-05-16 00:00:00,11.0,11.0,0.0,0.0,11.0,11.0,2,63,693.0
2024-05-15 00:00:00,11.0,11.0,0.0,0.0,11.3,11.0,10,1223,13482.4
2024-05-14 00:00:00,11.7,11.0,-0.7,-6.36,11.7,11.0,4,226,2602.2
2024-05-10 00:00:00,11.75,11.7,-0.05,-0.43,11.75,11.7,5,381,4462.7
2024-05-09 00:00:00,11.75,11.75,0.0,0.0,11.75,11.75,6,602,7073.5
2024-05-08 00:00:00,11.5,11.75,0.25,2.13,11.8,11.75,7,523,6164.9
2024-05-07 00:00:00,11.45,11.5,0.05,0.43,11.85,11.45,12,1080,12422.05
2024-05-03 00:00:00,10.5,11.45,0.95,8.3,12.0,11.45,10,467,5434.7
2024-05-02 00:00:00,10.5,10.5,0.0,0.0,10.99,10.99,3,520,5714.8
30-APR-24,10.85,10.5,-0.35,-3.33,11.0,10.0,18,9228,93131.4
29-APR-24,10.85,10.85,0.0,0.0,11.87,10.51,13,4937,57873.17
26-APR-24,10.75,10.85,0.1,0.92,11.9,10.85,5,393,4344.45
25-APR-24,11.01,10.75,-0.26,-2.42,12.45,10.75,6,2710,29372.7
24-APR-24,10.75,11.01,0.26,2.36,11.01,10.75,13,10700,117610.77
23-APR-24,11.0,10.75,-0.25,-2.33,11.0,10.75,10,1365,14854.93
22-APR-24,11.01,11.0,-0.01,-0.09,11.01,10.02,20,1608,17130.34
18-APR-24,12.7,11.01,-1.69,-15.35,12.8,11.01,9,1608,19427.82
17-APR-24,12.9,12.7,-0.2,-1.57,12.8,12.0,12,1515,18563.53
16-APR-24,12.42,12.9,0.48,3.72,12.9,12.9,8,677,8580.18
15-APR-24,11.95,13.0,1.05,8.08,13.0,12.0,21,3747,47979.5
12-APR-24,11.9,11.95,0.05,0.42,12.0,11.95,4,102,1220.4
11-APR-24,10.95,11.9,0.95,7.98,11.95,11.85,7,814,9725.53
10-APR-24,11.25,10.95,-0.3,-2.74,10.95,10.95,5,551,6033.45
09-APR-24,10.95,11.25,0.3,2.67,11.25,10.6,5,796,8729.65
08-APR-24,10.94,10.95,0.01,0.09,10.95,10.94,10,2928,32033.22
05-APR-24,10.0,10.94,0.94,8.59,10.95,10.94,4,374,4091.98
04-APR-24,9.55,10.0,0.45,4.5,10.94,9.3,7,203,2010.8
03-APR-24,10.5,9.55,-0.95,-9.95,10.5,9.55,9,2106,21046.5
02-APR-24,10.5,10.5,0.0,0.0,11.49,10.5,9,842,9269.54
01-APR-24,8.78,10.5,1.72,16.38,10.5,9.5,8,607,6259.5
2024-03-27 00:00:00,8.78,8.78,0.0,0.0,8.78,8.75,10,2668,23334.14
2024-03-26 00:00:00,8.35,8.78,0.43,4.9,8.78,8.35,11,7735,67590.8
2024-03-25 00:00:00,8.48,8.35,-0.13,-1.56,8.43,8.0,5,1000,8309.0
2024-03-22 00:00:00,8.0,8.48,0.48,5.66,8.59,8.48,9,1681,14262.58
2024-03-21 00:00:00,8.65,8.0,-0.65,-8.13,8.65,8.0,11,1217,9876.65
2024-03-20 00:00:00,8.69,8.65,-0.04,-0.46,8.78,8.65,18,1221,10608.99
2024-03-18 00:00:00,8.8,8.69,-0.11,-1.27,8.78,8.69,10,1137,9954.36
2024-03-15 00:00:00,9.49,8.8,-0.69,-7.84,9.49,8.8,6,270,2449.1
2024-03-14 00:00:00,9.88,9.49,-0.39,-4.11,9.99,9.49,7,341,3288.26
2024-03-13 00:00:00,9.9,9.88,-0.02,-0.2,9.9,9.88,7,1740,17200.16
2024-03-12 00:00:00,9.0,9.9,0.9,9.09,9.9,9.0,14,2025,19654.65
2024-03-11 00:00:00,8.39,9.0,0.61,6.78,9.0,9.0,1,120,1080.0
2024-03-08 00:00:00,8.39,8.39,0.0,0.0,8.39,8.39,2,21,176.19
2024-03-07 00:00:00,8.19,8.39,0.2,2.38,8.4,7.35,8,3593,27017.99
2024-03-06 00:00:00,8.35,8.19,-0.16,-1.95,8.35,8.19,5,365,2997.35
2024-03-05 00:00:00,8.4,8.35,-0.05,-0.6,8.49,8.2,11,423,3516.65
2024-03-04 00:00:00,7.77,8.4,0.63,7.5,8.45,7.85,9,2638,21059.3
2024-03-01 00:00:00,7.98,7.77,-0.21,-2.7,7.77,7.74,9,2689,20855.05
2024-02-29 00:00:00,7.21,7.98,0.77,9.65,7.99,7.3,8,2134,15830.0
2024-02-28 00:00:00,7.21,7.21,0.0,0.0,7.21,7.21,2,54,389.34
2024-02-27 00:00:00,7.02,7.21,0.19,2.64,7.21,7.2,6,432,3111.62
2024-02-26 00:00:00,7.02,7.02,0.0,0.0,7.4,7.4,2,58,426.16
2024-02-23 00:00:00,7.0,7.02,0.02,0.28,7.4,7.02,6,353,2569.26
2024-02-22 00:00:00,7.0,7.0,0.0,0.0,7.2,7.0,12,1640,11493.29
2024-02-21 00:00:00,7.0,7.0,0.0,0.0,7.39,7.0,11,9865,69113.5
2024-02-20 00:00:00,7.0,7.0,0.0,0.0,7.0,7.0,3,200,1400.0
2024-02-19 00:00:00,7.1,7.0,-0.1,-1.43,7.39,7.0,8,8055,56431.95
2024-02-16 00:00:00,7.39,7.1,-0.29,-4.08,7.39,7.1,7,2000,14229.04
2024-02-15 00:00:00,7.39,7.39,0.0,0.0,7.4,7.39,3,270,1996.3
2024-02-14 00:00:00,7.5,7.39,-0.11,-1.49,7.5,7.1,10,633,4682.42
2024-02-09 00:00:00,7.5,7.5,0.0,0.0,7.5,7.5,9,318,2385.0
2024-02-08 00:00:00,7.35,7.5,0.15,2.0,7.5,7.0,6,1125,7992.25
2024-02-07 00:00:00,7.5,7.35,-0.15,-2.04,7.5,7.35,5,270,2002.5
2024-02-06 00:00:00,7.35,7.5,0.15,2.0,7.5,7.22,7,1982,14433.5
2024-02-05 00:00:00,7.48,7.35,-0.13,-1.77,7.4,7.21,5,3921,28541.41
2024-02-02 00:00:00,7.4,7.48,0.08,1.07,7.5,7.4,5,397,2957.41
2024-02-01 00:00:00,7.5,7.4,-0.1,-1.35,7.5,7.4,10,1493,11139.22
31-JAN-24,7.49,7.5,0.01,0.13,7.6,7.02,7,1905,13592.5
30-JAN-24,7.49,7.49,0.0,0.0,7.49,7.45,2,37,276.17
29-JAN-24,7.49,7.49,0.0,0.0,7.5,7.5,3,30,225.0
26-JAN-24,7.25,7.49,0.24,3.2,7.69,7.49,6,1915,14330.25
25-JAN-24,7.79,7.25,-0.54,-7.45,7.79,7.25,8,2748,20525.2
24-JAN-24,7.5,7.79,0.29,3.72,7.79,7.74,7,814,6338.81
23-JAN-24,7.5,7.5,0.0,0.0,7.7,7.5,7,4000,30005.0
19-JAN-24,7.5,7.5,0.0,0.0,7.95,7.5,13,1236,9435.08
18-JAN-24,7.01,7.5,0.49,6.53,7.5,7.5,4,1030,7725.0
17-JAN-24,7.01,7.01,0.0,0.0,7.68,7.68,2,26,199.68
16-JAN-24,7.94,7.01,-0.93,-13.27,7.9,7.0,10,2190,15550.5
15-JAN-24,7.48,7.94,0.46,5.79,7.99,7.5,7,1266,9570.64
12-JAN-24,7.49,7.48,-0.01,-0.13,7.5,7.48,6,155,1160.18
11-JAN-24,7.5,7.49,-0.01,-0.13,7.49,7.49,4,156,1168.44
10-JAN-24,7.6,7.5,-0.1,-1.33,7.6,7.5,7,280,2105.0
09-JAN-24,7.68,7.6,-0.08,-1.05,7.6,7.6,7,750,5700.0
08-JAN-24,7.7,7.68,-0.02,-0.26,7.69,7.68,4,295,2267.71
05-JAN-24,7.95,7.7,-0.25,-3.25,8.0,7.7,5,210,1631.4
04-JAN-24,7.7,7.95,0.25,3.14,7.95,7.57,10,3346,25375.32
03-JAN-24,7.85,7.7,-0.15,-1.95,7.9,7.5,7,600,4582.25
02-JAN-24,7.98,7.85,-0.13,-1.66,7.9,7.85,4,206,1619.6
29-DEC-23,7.9,7.98,0.08,1.0,7.98,7.98,5,139,1109.22
28-DEC-23,6.8,7.9,1.1,13.92,7.9,7.9,10,2892,22846.8
27-DEC-23,7.98,6.8,-1.18,-17.35,7.95,6.8,12,3310,23377.85
26-DEC-23,7.48,7.98,0.5,6.27,7.98,7.9,5,767,6103.86
22-DEC-23,6.8,7.48,0.68,9.09,7.95,7.48,4,72,539.5
21-DEC-23,6.71,6.8,0.09,1.32,7.4,6.8,7,2410,16892.7
20-DEC-23,6.65,6.71,0.06,0.89,7.5,6.71,7,1938,13059.2
19-DEC-23,6.82,6.65,-0.17,-2.56,7.0,6.65,10,6639,44415.39
18-DEC-23,6.8,6.82,0.02,0.29,7.3,6.8,18,3472,23748.14
15-DEC-23,7.0,6.8,-0.2,-2.94,7.0,6.8,5,336,2338.4
14-DEC-23,7.0,7.0,0.0,0.0,7.45,7.0,9,717,5130.32
13-DEC-23,8.0,7.0,-1.0,-14.29,7.85,7.0,10,7903,56165.7
12-DEC-23,8.0,8.0,0.0,0.0,8.0,7.95,2,115,919.25
08-DEC-23,8.14,8.0,-0.14,-1.75,8.14,7.99,4,230,1855.76
07-DEC-23,8.45,8.14,-0.31,-3.81,8.35,8.14,2,107,882.95
05-DEC-23,8.65,8.45,-0.2,-2.37,8.6,8.45,8,354,3012.96
04-DEC-23,8.8,8.65,-0.15,-1.73,8.73,8.65,4,219,1900.35
01-DEC-23,8.89,8.8,-0.09,-1.02,8.89,8.8,7,241,2130.72
2023-11-30 00:00:00,8.89,8.89,0.0,0.0,8.89,8.85,9,505,4474.57
2023-11-29 00:00:00,8.79,8.89,0.1,1.12,8.89,8.89,1,100,889.0
2023-11-28 00:00:00,8.85,8.79,-0.06,-0.68,8.8,8.79,3,305,2682.25
2023-11-27 00:00:00,8.75,8.85,0.1,1.13,8.9,8.75,6,270,2386.45
2023-11-24 00:00:00,8.99,8.75,-0.24,-2.74,8.9,8.75,10,697,6175.28
2023-11-23 00:00:00,9.0,8.99,-0.01,-0.11,8.99,8.99,2,310,2786.9
2023-11-22 00:00:00,9.0,9.0,0.0,0.0,9.0,9.0,1,37,333.0
2023-11-21 00:00:00,9.17,9.0,-0.17,-1.89,9.19,9.0,9,464,4199.46
2023-11-20 00:00:00,9.2,9.17,-0.03,-0.33,9.2,9.17,9,453,4163.64
2023-11-17 00:00:00,9.5,9.2,-0.3,-3.26,9.2,9.0,12,960,8750.4
2023-11-16 00:00:00,7.98,9.5,1.52,16.0,9.5,8.0,4,211,1800.5
2023-11-15 00:00:00,7.6,7.98,0.38,4.76,8.4,7.1,6,1735,13642.7
2023-11-14 00:00:00,7.6,7.6,0.0,0.0,7.65,7.65,1,28,214.2
2023-11-13 00:00:00,7.8,7.6,-0.2,-2.63,7.69,7.6,6,935,7182.77
2023-11-10 00:00:00,7.8,7.8,0.0,0.0,7.8,7.69,2,170,1324.9
2023-11-09 00:00:00,7.85,7.8,-0.05,-0.64,7.85,7.8,5,171,1334.85
2023-11-08 00:00:00,7.8,7.85,0.05,0.64,7.85,7.85,4,248,1946.8
2023-11-07 00:00:00,7.89,7.8,-0.09,-1.15,7.95,7.8,10,406,3187.1
2023-11-03 00:00:00,7.0,7.89,0.89,11.28,7.93,7.89,6,398,3143.98
2023-11-02 00:00:00,7.99,7.0,-0.99,-14.14,7.98,7.0,8,997,7821.06
2023-11-01 00:00:00,8.0,7.99,-0.01,-0.13,7.99,7.99,4,63,503.37
2023-10-31 00:00:00,8.0,8.0,0.0,0.0,8.2,8.0,9,374,3022.0
2023-10-27 00:00:00,8.0,8.0,0.0,0.0,8.0,8.0,8,363,2904.0
2023-10-26 00:00:00,8.1,8.0,-0.1,-1.25,8.1,8.0,8,877,7068.0
2023-10-25 00:00:00,8.3,8.1,-0.2,-2.47,8.38,8.0,14,1066,8632.95
2023-10-24 00:00:00,8.3,8.3,0.0,0.0,8.3,8.3,3,680,5644.0
2023-10-23 00:00:00,7.0,8.3,1.3,15.66,8.3,8.0,18,16590,137370.0
2023-10-20 00:00:00,6.5,7.0,0.5,7.14,7.2,7.0,34,6824,47861.3
2023-10-19 00:00:00,5.0,6.5,1.5,23.08,6.5,5.98,23,4300,25997.66
2023-10-18 00:00:00,4.67,5.0,0.33,6.6,5.0,5.0,4,5158,25790.0
2023-10-17 00:00:00,4.99,4.99,0.0,0.0,4.99,4.99,3,58,289.42
2023-10-16 00:00:00,4.99,4.99,0.0,0.0,4.99,4.99,12,1720,8582.8
2023-10-13 00:00:00,4.99,4.99,0.0,0.0,4.99,4.99,5,1390,6936.1
2023-10-11 00:00:00,4.98,4.99,0.01,0.2,4.99,4.98,7,282,1405.48
2023-10-10 00:00:00,4.99,4.98,-0.01,-0.2,4.99,4.9,12,1645,8111.13
2023-10-09 00:00:00,4.99,4.99,0.0,0.0,4.99,4.9,6,904,4444.42
2023-10-06 00:00:00,5.0,4.99,-0.01,-0.2,4.99,4.99,3,105,523.95
2023-10-05 00:00:00,5.0,5.0,0.0,0.0,4.99,4.99,5,9341,45309.59
2023-10-04 00:00:00,5.0,5.0,0.0,0.0,4.99,4.6,2,80,368.78
2023-10-03 00:00:00,4.38,5.0,0.62,12.4,5.0,5.0,6,854,4270.0
2023-10-02 00:00:00,4.38,4.38,0.0,0.0,5.0,5.0,1,22,110.0
2023-09-29 00:00:00,4.18,4.38,0.2,4.57,4.38,4.35,5,5234,22917.9
2023-09-28 00:00:00,4.19,4.18,-0.01,-0.24,4.19,4.0,8,2576,10358.53
2023-09-27 00:00:00,4.19,4.19,0.0,0.0,4.19,4.18,4,43,179.96
2023-09-26 00:00:00,4.19,4.19,0.0,0.0,4.19,4.19,6,495,2074.05
2023-09-25 00:00:00,4.19,4.19,0.0,0.0,0.0,0.0,1,23,96.37
2023-09-22 00:00:00,4.1,4.19,0.09,2.15,4.19,4.19,2,110,460.9
2023-09-21 00:00:00,4.0,4.1,0.1,2.44,4.1,4.1,1,150,615.0
2023-09-20 00:00:00,4.0,4.0,0.0,0.0,4.15,4.0,7,1907,7659.5
2023-09-19 00:00:00,4.0,4.0,0.0,0.0,4.0,3.96,12,3344,13346.0
2023-09-18 00:00:00,3.96,4.0,0.04,1.0,4.0,3.97,12,6265,25045.0
2023-09-15 00:00:00,3.96,3.96,0.0,0.0,3.96,3.96,11,1663,6585.48
2023-09-14 00:00:00,3.95,3.96,0.01,0.25,4.0,3.96,7,867,3449.32
2023-09-13 00:00:00,4.0,3.95,-0.05,-1.27,4.0,3.95,6,165,659.5
2023-09-12 00:00:00,4.0,4.0,0.0,0.0,4.0,4.0,6,2487,9948.0
2023-09-08 00:00:00,4.0,4.0,0.0,0.0,4.0,3.9,5,335,1329.99
2023-09-07 00:00:00,4.0,4.0,0.0,0.0,4.0,4.0,3,126,504.0
2023-09-06 00:00:00,3.9,4.0,0.1,2.5,4.0,4.0,10,1170,4680.0
2023-09-05 00:00:00,3.8,3.9,0.1,2.56,3.99,3.9,11,2736,10751.11
2023-09-04 00:00:00,3.99,3.8,-0.19,-5.0,4.0,3.8,9,11933,42186.27
2023-09-01 00:00:00,4.0,3.99,-0.01,-0.25,4.05,3.99,12,1560,6233.2
31-AUG-23,4.0,4.0,0.0,0.0,4.0,4.0,4,6020,24080.0
30-AUG-23,4.0,4.0,0.0,0.0,4.09,3.9,15,4336,17332.09
29-AUG-23,4.0,4.0,0.0,0.0,4.0,4.0,3,120,480.0
28-AUG-23,4.0,4.0,0.0,0.0,4.09,4.0,8,440,1761.62
25-AUG-23,4.0,4.0,0.0,0.0,4.09,4.0,8,1575,6324.73
24-AUG-23,4.0,4.0,0.0,0.0,4.09,3.43,6,114,453.42
23-AUG-23,4.1,4.0,-0.1,-2.5,4.1,4.0,5,360,1451.0
22-AUG-23,4.13,4.1,-0.03,-0.73,4.12,4.1,5,155,636.95
21-AUG-23,4.13,4.13,0.0,0.0,4.13,4.13,4,279,1152.27
18-AUG-23,4.19,4.13,-0.06,-1.45,4.19,4.13,6,399,1653.81
17-AUG-23,4.19,4.19,0.0,0.0,4.19,4.19,4,82,343.58
16-AUG-23,4.24,4.19,-0.05,-1.19,4.24,4.19,5,302,1279.28
15-AUG-23,4.24,4.24,0.0,0.0,4.25,4.24,5,237,1005.38
11-AUG-23,4.29,4.24,-0.05,-1.18,4.24,4.24,1,3,12.72
09-AUG-23,4.29,4.29,0.0,0.0,4.29,4.29,4,446,1913.34
08-AUG-23,4.29,4.29,0.0,0.0,4.29,4.29,7,486,2084.94
07-AUG-23,4.38,4.29,-0.09,-2.1,4.29,4.29,1,25,107.25
04-AUG-23,4.3,4.38,0.08,1.83,4.38,4.3,3,44,192.4
03-AUG-23,4.38,4.3,-0.08,-1.86,4.3,4.3,1,23,98.9
02-AUG-23,4.38,4.38,0.0,0.0,4.38,4.3,7,177,774.46
01-AUG-23,4.39,4.38,-0.01,-0.23,4.39,4.29,4,38,164.57
2023-07-31 00:00:00,4.29,4.39,0.1,2.28,4.39,4.29,2,120,516.8
2023-07-28 00:00:00,4.2,4.29,0.09,2.1,4.29,4.29,2,190,815.1
2023-07-27 00:00:00,4.3,4.2,-0.1,-2.38,4.29,4.2,3,323,1375.5
2023-07-26 00:00:00,4.34,4.3,-0.04,-0.93,4.33,4.3,4,115,496.87
2023-07-25 00:00:00,4.34,4.34,0.0,0.0,4.34,4.34,3,81,351.54
2023-07-21 00:00:00,4.0,4.34,0.34,7.83,4.34,4.15,12,3061,12772.25
2023-07-20 00:00:00,4.17,4.0,-0.17,-4.25,4.17,4.0,6,88,365.33
2023-07-18 00:00:00,4.01,4.17,0.16,3.84,4.17,4.17,6,377,1572.09
2023-07-13 00:00:00,4.18,4.01,-0.17,-4.24,4.18,4.01,4,394,1622.6
2023-07-12 00:00:00,4.0,4.18,0.18,4.31,4.18,4.18,3,130,543.4
2023-07-11 00:00:00,4.01,4.0,-0.01,-0.25,4.0,4.0,12,6564,26256.0
2023-07-10 00:00:00,4.0,4.01,0.01,0.25,4.15,4.01,3,123,494.99
2023-07-07 00:00:00,4.19,4.0,-0.19,-4.75,4.0,4.0,3,2200,8898.5
2023-07-06 00:00:00,4.19,4.19,0.0,0.0,4.19,4.0,6,4816,19276.54
2023-07-04 00:00:00,4.19,4.19,0.0,0.0,4.19,4.19,6,299,1252.81
2023-06-30 00:00:00,4.19,4.19,0.0,0.0,4.19,4.19,3,1320,5530.8
2023-06-29 00:00:00,4.19,4.19,0.0,0.0,4.19,4.19,3,93,389.67
2023-06-28 00:00:00,4.19,4.19,0.0,0.0,4.19,4.19,2,11,46.09
2023-06-27 00:00:00,4.19,4.19,0.0,0.0,4.19,4.19,2,80,335.2
2023-06-26 00:00:00,4.19,4.19,0.0,0.0,4.19,4.18,4,224,936.43
2023-06-23 00:00:00,4.19,4.19,0.0,0.0,4.19,4.19,2,20,83.8
2023-06-22 00:00:00,4.19,4.19,0.0,0.0,4.19,4.19,3,79,331.01
2023-06-21 00:00:00,4.2,4.19,-0.01,-0.24,4.19,4.19,2,103,431.57
2023-06-20 00:00:00,4.19,4.2,0.01,0.24,4.22,4.2,4,1402,5889.1
2023-06-16 00:00:00,4.22,4.19,-0.03,-0.72,4.22,4.1,4,530,2194.85
2023-06-15 00:00:00,4.22,4.22,0.0,0.0,4.22,4.22,3,264,1114.08
2023-06-14 00:00:00,4.22,4.22,0.0,0.0,4.22,4.22,2,173,730.06
2023-06-13 00:00:00,4.22,4.22,0.0,0.0,4.22,4.18,7,112,470.8
2023-06-09 00:00:00,4.0,4.22,0.22,5.21,4.22,4.22,1,11,46.42
2023-06-08 00:00:00,4.0,4.0,0.0,0.0,4.0,4.0,5,516,2064.0
2023-06-07 00:00:00,4.15,4.0,-0.15,-3.75,4.15,4.0,3,290,1174.1
2023-06-06 00:00:00,4.22,4.15,-0.07,-1.69,4.22,4.15,2,90,379.1
2023-06-02 00:00:00,4.24,4.22,-0.02,-0.47,4.23,4.22,2,122,515.84
2023-06-01 00:00:00,4.15,4.24,0.09,2.12,4.24,4.24,1,50,212.0
2023-05-31 00:00:00,4.15,4.15,0.0,0.0,4.24,4.15,3,573,2378.76
2023-05-30 00:00:00,4.27,4.15,-0.12,-2.89,4.24,4.15,3,155,652.7
2023-05-29 00:00:00,4.25,4.27,0.02,0.47,4.28,4.27,3,109,465.52
2023-05-26 00:00:00,4.29,4.25,-0.04,-0.94,4.25,4.25,1,100,425.0
2023-05-24 00:00:00,4.29,4.29,0.0,0.0,4.29,4.29,1,96,411.84
2023-05-23 00:00:00,4.29,4.29,0.0,0.0,4.29,4.29,5,194,832.26
2023-05-19 00:00:00,4.29,4.29,0.0,0.0,4.29,4.29,2,159,682.11
2023-05-18 00:00:00,4.3,4.29,-0.01,-0.23,4.29,4.2,7,817,3444.27
2023-05-17 00:00:00,4.34,4.3,-0.04,-0.93,4.34,4.3,4,1038,4464.52
2023-05-16 00:00:00,4.34,4.34,0.0,0.0,4.34,4.34,2,31,133.74
2023-05-15 00:00:00,4.34,4.34,0.0,0.0,4.35,4.34,3,69,299.71
2023-05-12 00:00:00,4.37,4.34,-0.03,-0.69,4.35,4.34,3,18,78.24
2023-05-11 00:00:00,4.39,4.37,-0.02,-0.46,4.37,4.37,4,1181,5160.97
2023-05-10 00:00:00,4.4,4.39,-0.01,-0.23,4.4,4.39,3,65,285.85
2023-05-09 00:00:00,4.44,4.4,-0.04,-0.91,4.44,4.4,3,25,110.4
2023-05-08 00:00:00,4.4,4.44,0.04,0.9,4.44,4.44,3,167,741.48
2023-05-05 00:00:00,4.45,4.4,-0.05,-1.14,4.4,4.4,6,259,1139.6
2023-05-04 00:00:00,4.2,4.45,0.25,5.62,4.5,4.45,3,117,521.29
2023-05-03 00:00:00,4.14,4.2,0.06,1.43,4.5,4.14,6,6285,26095.2
2023-05-02 00:00:00,4.18,4.14,-0.04,-0.97,4.14,4.14,4,88,364.32
28-APR-23,4.48,4.18,-0.3,-7.18,4.29,4.15,11,1267,5292.38
25-APR-23,4.02,4.48,0.46,10.27,4.5,4.48,2,297,1332.56
24-APR-23,3.85,4.02,0.17,4.23,4.02,4.01,4,144,582.21
21-APR-23,4.19,3.85,-0.34,-8.83,3.85,3.85,1,11,42.35
20-APR-23,4.0,4.29,0.29,6.76,4.45,4.06,7,213,871.78
18-APR-23,4.3,4.0,-0.3,-7.5,4.29,4.0,6,1118,4477.39
17-APR-23,3.72,4.3,0.58,13.49,4.45,4.3,6,116,510.8
14-APR-23,4.47,3.72,-0.75,-20.16,4.4,3.72,5,110,426.88
13-APR-23,4.59,4.47,-0.12,-2.68,4.49,4.4,7,590,2639.96
05-APR-23,3.95,4.59,0.64,13.94,4.7,4.59,2,32,149.74
04-APR-23,4.0,3.95,-0.05,-1.27,4.0,3.95,4,1015,4010.0
03-APR-23,3.81,4.0,0.19,4.75,4.0,3.8,6,433,1716.0
2023-03-31 00:00:00,3.99,3.81,-0.18,-4.72,4.65,3.8,11,585,2272.53
2023-03-30 00:00:00,3.9,3.99,0.09,2.26,3.99,3.99,2,20,79.8
2023-03-29 00:00:00,3.99,3.9,-0.09,-2.31,4.0,3.9,3,727,2835.5
2023-03-28 00:00:00,3.95,3.99,0.04,1.0,3.99,3.99,5,758,3024.42
2023-03-27 00:00:00,3.99,3.95,-0.04,-1.01,3.99,3.95,4,289,1147.17
2023-03-24 00:00:00,3.94,3.99,0.05,1.25,3.99,3.99,4,175,698.25
2023-03-23 00:00:00,3.5,3.94,0.44,11.17,3.97,3.34,4,438,1490.41
2023-03-22 00:00:00,3.99,3.5,-0.49,-14.0,3.99,3.5,6,1045,3794.64
2023-03-21 00:00:00,4.05,3.99,-0.06,-1.5,4.04,3.99,4,469,1872.08
2023-03-20 00:00:00,4.09,4.05,-0.04,-0.99,4.09,4.05,2,95,385.15
2023-03-17 00:00:00,4.0,4.09,0.09,2.2,4.1,4.0,8,364,1457.77
2023-03-16 00:00:00,4.1,4.0,-0.1,-2.5,4.1,4.0,9,541,2167.05
2023-03-15 00:00:00,4.0,4.1,0.1,2.44,4.1,3.8,3,3095,11769.1
2023-03-14 00:00:00,4.0,4.0,0.0,0.0,4.0,3.99,11,11695,46779.45
2023-03-13 00:00:00,4.0,4.0,0.0,0.0,4.2,4.0,4,5615,22463.0
2023-03-10 00:00:00,3.8,4.0,0.2,5.0,4.0,3.9,6,5498,21754.65
2023-03-09 00:00:00,3.9,3.8,-0.1,-2.63,3.8,3.79,4,689,2613.2
2023-03-08 00:00:00,3.94,3.9,-0.04,-1.03,3.94,3.9,3,130,511.8
2023-03-07 00:00:00,3.99,3.94,-0.05,-1.27,3.98,3.94,6,485,1915.8
2023-03-06 00:00:00,3.99,3.99,0.0,0.0,3.99,3.99,6,250,997.5
2023-03-02 00:00:00,3.9,3.99,0.09,2.26,3.99,3.99,3,24,95.76
2023-03-01 00:00:00,3.99,3.9,-0.09,-2.31,3.9,3.9,2,100,390.0
2023-02-28 00:00:00,3.99,3.99,0.0,0.0,3.99,3.99,3,42,167.58
2023-02-27 00:00:00,3.99,3.99,0.0,0.0,3.99,3.99,2,181,722.19
2023-02-23 00:00:00,4.05,3.99,-0.06,-1.5,3.99,3.99,6,724,2888.76
2023-02-22 00:00:00,4.04,4.05,0.01,0.25,4.05,3.5,4,284,1017.7
2023-02-17 00:00:00,3.88,4.04,0.16,3.96,4.05,3.87,22,4615,17978.98
2023-02-16 00:00:00,3.89,3.88,-0.01,-0.26,3.88,3.88,5,62,240.56
2023-02-14 00:00:00,3.5,3.89,0.39,10.03,3.89,3.5,3,1500,5289.0
2023-02-13 00:00:00,3.98,3.5,-0.48,-13.71,4.05,3.5,4,1641,5821.24
2023-02-10 00:00:00,3.88,3.98,0.1,2.51,3.98,3.98,1,2,7.96
2023-02-09 00:00:00,4.0,3.88,-0.12,-3.09,3.97,3.88,4,85,331.86
2023-02-08 00:00:00,3.6,4.0,0.4,10.0,4.07,4.0,5,99,399.78
2023-02-07 00:00:00,3.6,3.6,0.0,0.0,4.09,3.6,5,2026,7457.84
2023-02-06 00:00:00,3.6,3.6,0.0,0.0,4.2,3.6,4,74,294.0
2023-02-03 00:00:00,3.75,3.6,-0.15,-4.17,3.7,3.5,15,3452,12234.7
2023-02-02 00:00:00,3.22,3.75,0.53,14.13,3.75,3.25,2,91,321.25
2023-02-01 00:00:00,3.15,3.22,0.07,2.17,3.22,3.16,3,2400,7590.0
31-JAN-23,3.11,3.15,0.04,1.27,3.15,3.15,4,224,705.6
30-JAN-23,3.0,3.11,0.11,3.54,3.11,3.1,2,15,46.6
27-JAN-23,2.7,3.0,0.3,10.0,3.19,2.8,4,194,592.06
26-JAN-23,2.67,2.7,0.03,1.11,2.7,2.6,10,16255,42860.85
25-JAN-23,2.68,2.67,-0.01,-0.37,2.67,2.66,3,449,1198.53
24-JAN-23,2.69,2.68,-0.01,-0.37,2.69,2.68,4,230,616.5
23-JAN-23,2.39,2.69,0.3,11.15,2.69,2.5,4,315,841.27
20-JAN-23,2.45,2.39,-0.06,-2.51,2.5,2.39,5,260,636.07
19-JAN-23,2.39,2.45,0.06,2.45,2.5,2.39,10,4307,10313.45
18-JAN-23,2.39,2.39,0.0,0.0,2.39,2.39,18,8087,19327.93
17-JAN-23,2.5,2.39,-0.11,-4.6,2.44,2.39,12,2886,6899.26
16-JAN-23,2.5,2.5,0.0,0.0,2.5,2.5,1,3,7.5
13-JAN-23,2.55,2.5,-0.05,-2.0,2.5,2.5,2,130,325.0
12-JAN-23,2.48,2.55,0.07,2.75,2.6,2.48,3,36,92.25
11-JAN-23,2.5,2.48,-0.02,-0.81,2.5,2.48,4,40,99.8
10-JAN-23,2.6,2.5,-0.1,-4.0,2.6,2.5,2,100,256.4
06-JAN-23,2.5,2.6,0.1,3.85,2.6,2.6,2,25,65.0
05-JAN-23,2.45,2.5,0.05,2.0,2.74,2.5,4,560,1406.4
04-JAN-23,2.47,2.45,-0.02,-0.82,2.48,2.44,11,9505,23285.65
03-JAN-23,2.48,2.47,-0.01,-0.4,2.47,2.47,2,500,1235.0
30-DEC-22,2.2,2.48,0.28,11.29,2.49,2.24,9,2076,5112.34
29-DEC-22,2.18,2.2,0.02,0.91,2.2,2.2,2,21,46.2
27-DEC-22,2.2,2.18,-0.02,-0.92,2.18,2.18,2,227,494.86
26-DEC-22,2.22,2.2,-0.02,-0.91,2.2,2.1,3,199,418.2
23-DEC-22,2.19,2.22,0.03,1.35,2.23,2.22,4,717,1593.07
22-DEC-22,2.2,2.19,-0.01,-0.46,2.24,2.19,2,14,31.16
21-DEC-22,2.1,2.2,0.1,4.55,2.24,2.1,9,744,1579.36
20-DEC-22,2.1,2.1,0.0,0.0,2.25,2.1,3,229,485.75
19-DEC-22,2.3,2.1,-0.2,-9.52,2.3,2.0,7,225,479.7
16-DEC-22,2.2,2.3,0.1,4.35,2.3,2.3,3,168,386.4
15-DEC-22,2.2,2.2,0.0,0.0,2.2,2.2,10,3325,7315.0
14-DEC-22,2.2,2.2,0.0,0.0,2.2,2.2,6,765,1683.0
13-DEC-22,2.15,2.2,0.05,2.27,2.2,2.18,9,1065,2342.5
09-DEC-22,2.15,2.15,0.0,0.0,2.15,2.15,3,310,666.5
08-DEC-22,1.8,2.15,0.35,16.28,2.15,2.15,5,1425,3063.75
07-DEC-22,2.21,1.8,-0.41,-22.78,2.21,1.8,8,513,1051.73
06-DEC-22,2.15,2.21,0.06,2.71,2.21,2.21,2,138,304.98
05-DEC-22,2.15,2.15,0.0,0.0,2.2,2.15,2,105,226.0
02-DEC-22,2.0,2.15,0.15,6.98,2.15,2.14,7,1202,2575.58
01-DEC-22,1.75,2.0,0.25,12.5,2.0,1.75,4,11064,20612.0
2022-11-28 00:00:00,1.71,1.75,0.04,2.29,1.75,1.71,4,740,1277.4
2022-11-25 00:00:00,1.43,1.71,0.28,16.37,1.71,1.5,5,378,579.42
2022-11-24 00:00:00,1.42,1.43,0.01,0.7,1.43,1.43,1,200,286.0
2022-11-23 00:00:00,1.42,1.42,0.0,0.0,1.42,1.41,6,1387,1967.99
2022-11-22 00:00:00,1.3,1.42,0.12,8.45,1.45,1.41,11,2580,3687.27
2022-11-18 00:00:00,1.4,1.3,-0.1,-7.69,1.38,1.14,4,414,533.8
2022-11-17 00:00:00,1.35,1.4,0.05,3.57,1.4,1.4,1,66,92.4
2022-11-16 00:00:00,1.3,1.35,0.05,3.7,1.37,1.35,2,115,156.75
2022-11-15 00:00:00,1.2,1.3,0.1,7.69,1.3,1.3,2,310,403.0
2022-11-14 00:00:00,1.15,1.2,0.05,4.17,1.2,1.16,4,762,895.16
2022-11-11 00:00:00,1.1,1.15,0.05,4.35,1.2,1.15,5,1774,2053.8
2022-11-10 00:00:00,1.15,1.1,-0.05,-4.55,1.1,1.1,1,339,372.9
2022-11-09 00:00:00,1.15,1.15,0.0,0.0,1.15,1.15,6,3953,4545.95
2022-11-07 00:00:00,1.16,1.15,-0.01,-0.87,1.16,1.15,5,214,246.45
2022-11-04 00:00:00,1.15,1.16,0.01,0.86,1.16,1.15,5,797,918.62
2022-11-03 00:00:00,1.15,1.15,0.0,0.0,1.17,1.15,7,620,718.36
2022-11-02 00:00:00,1.15,1.15,0.0,0.0,1.15,1.14,4,422,483.19
2022-11-01 00:00:00,1.16,1.15,-0.01,-0.87,1.18,1.15,8,668,777.5
2022-10-28 00:00:00,1.17,1.16,-0.01,-0.86,1.17,1.15,7,419,485.35
2022-10-27 00:00:00,1.19,1.17,-0.02,-1.71,1.17,1.17,1,800,936.0
2022-10-26 00:00:00,1.19,1.19,0.0,0.0,1.19,1.19,4,4564,5431.16
2022-10-25 00:00:00,1.19,1.19,0.0,0.0,1.19,1.19,1,41,48.79
2022-10-21 00:00:00,1.15,1.19,0.04,3.36,1.19,1.19,2,1507,1793.33
2022-10-20 00:00:00,1.21,1.15,-0.06,-5.22,1.21,1.15,2,1320,1537.2
2022-10-18 00:00:00,1.21,1.22,0.01,0.82,1.22,1.15,6,277,334.37
2022-10-17 00:00:00,1.21,1.21,0.0,0.0,1.4,1.21,7,1423,1737.45
2022-10-14 00:00:00,1.24,1.21,-0.03,-2.48,1.24,1.2,9,605,732.57
2022-10-13 00:00:00,1.25,1.24,-0.01,-0.81,1.24,1.24,2,100,124.0
2022-10-11 00:00:00,1.14,1.25,0.11,8.8,1.25,1.25,3,156,195.0
2022-10-10 00:00:00,1.11,1.14,0.03,2.63,1.14,1.12,2,59,66.26
2022-10-07 00:00:00,1.15,1.11,-0.04,-3.6,1.18,1.11,14,7837,8706.56
2022-10-06 00:00:00,1.16,1.15,-0.01,-0.87,1.16,1.15,5,500,575.23
2022-10-05 00:00:00,1.17,1.16,-0.01,-0.86,1.17,1.16,5,427,496.17
2022-10-04 00:00:00,1.18,1.17,-0.01,-0.85,1.2,1.17,14,1657,1975.38
2022-10-03 00:00:00,1.15,1.18,0.03,2.54,1.18,1.15,7,1721,1880.12
2022-09-30 00:00:00,1.12,1.15,0.03,2.61,1.15,1.15,2,54,62.1
2022-09-29 00:00:00,1.11,1.12,0.01,0.89,1.15,1.12,5,71,79.73
2022-09-28 00:00:00,1.1,1.11,0.01,0.9,1.11,1.1,6,1041,1145.23
2022-09-27 00:00:00,1.1,1.1,0.0,0.0,1.1,1.1,4,121,133.1
2022-09-26 00:00:00,1.07,1.1,0.03,2.73,1.1,1.1,3,73,80.3
2022-09-23 00:00:00,1.05,1.07,0.02,1.87,1.07,1.05,8,650,688.88
2022-09-22 00:00:00,1.07,1.05,-0.02,-1.9,1.07,1.05,11,1051,1105.74
2022-09-21 00:00:00,1.05,1.07,0.02,1.87,1.07,1.07,5,81,86.67
2022-09-20 00:00:00,1.04,1.05,0.01,0.95,1.06,1.02,6,583,604.88
2022-09-19 00:00:00,1.04,1.04,0.0,0.0,1.07,1.02,16,12932,13229.4
2022-09-16 00:00:00,1.0,1.04,0.04,3.85,1.05,1.04,7,2370,2471.91
2022-09-15 00:00:00,1.05,1.0,-0.05,-5.0,1.05,1.0,8,728,731.0
2022-09-13 00:00:00,1.07,1.05,-0.02,-1.9,1.05,1.05,2,102,107.1
2022-09-12 00:00:00,1.07,1.07,0.0,0.0,1.1,1.07,5,109,117.38
2022-09-09 00:00:00,1.05,1.07,0.02,1.87,1.1,1.06,5,645,693.39
2022-09-08 00:00:00,1.05,1.05,0.0,0.0,1.05,1.05,2,151,158.55
2022-09-07 00:00:00,1.05,1.05,0.0,0.0,1.05,1.05,5,6512,6337.6
2022-09-06 00:00:00,1.05,1.05,0.0,0.0,1.06,1.05,2,154,162.95
2022-09-05 00:00:00,1.05,1.05,0.0,0.0,1.05,1.05,3,126,132.3
2022-09-02 00:00:00,1.05,1.05,0.0,0.0,1.05,1.05,4,359,376.95
2022-09-01 00:00:00,1.05,1.05,0.0,0.0,1.05,1.03,12,2401,2518.05
31-AUG-22,1.06,1.05,-0.01,-0.95,1.06,1.04,11,2537,2661.87
30-AUG-22,1.1,1.06,-0.04,-3.77,1.06,1.06,5,1131,1198.86
29-AUG-22,1.1,1.1,0.0,0.0,1.25,1.1,16,1555,1776.02
26-AUG-22,1.04,1.1,0.06,5.45,1.11,1.05,13,4492,4940.93
25-AUG-22,1.1,1.04,-0.06,-5.77,1.15,1.04,15,5754,6102.08
24-AUG-22,1.05,1.1,0.05,4.55,1.1,1.05,8,1024,1076.4
23-AUG-22,1.09,1.05,-0.04,-3.81,1.09,1.05,4,50,54.1
22-AUG-22,1.09,1.09,0.0,0.0,1.09,1.09,5,355,386.95
19-AUG-22,1.1,1.09,-0.01,-0.92,1.1,1.05,6,702,767.79
18-AUG-22,1.1,1.1,0.0,0.0,1.1,1.1,8,398,437.8
16-AUG-22,1.1,1.1,0.0,0.0,1.1,1.1,5,555,610.5
12-AUG-22,1.01,1.1,0.09,8.18,1.1,1.1,4,1045,1149.5
11-AUG-22,1.1,1.01,-0.09,-8.91,1.1,1.01,4,259,275.63
10-AUG-22,1.1,1.1,0.0,0.0,1.1,1.1,1,92,101.2
09-AUG-22,1.1,1.1,0.0,0.0,1.1,1.1,1,20,22.0
08-AUG-22,1.09,1.1,0.01,0.91,1.1,1.1,3,97,106.7
05-AUG-22,1.09,1.09,0.0,0.0,1.1,1.09,6,553,603.02
04-AUG-22,1.1,1.09,-0.01,-0.92,1.09,1.08,2,50,54.18
03-AUG-22,1.07,1.1,0.03,2.73,1.1,1.02,6,1371,1410.6
02-AUG-22,1.1,1.07,-0.03,-2.8,1.09,1.02,10,1795,1852.69
01-AUG-22,1.1,1.1,0.0,0.0,1.11,1.05,6,355,392.8
2022-07-29 00:00:00,1.1,1.1,0.0,0.0,1.11,1.11,1,1,1.11
2022-07-27 00:00:00,1.11,1.1,-0.01,-0.91,1.1,1.1,2,58,63.8
2022-07-26 00:00:00,1.09,1.11,0.02,1.8,1.11,1.11,2,231,256.41
2022-07-25 00:00:00,1.09,1.09,0.0,0.0,0.0,0.0,1,20,22.2
2022-07-21 00:00:00,1.0,1.09,0.09,8.26,1.1,1.09,5,668,728.37
2022-07-20 00:00:00,1.12,1.0,-0.12,-12.0,1.0,1.0,1,10,10.0
2022-07-19 00:00:00,1.12,1.12,0.0,0.0,1.12,1.12,3,275,308.0
2022-07-18 00:00:00,1.12,1.12,0.0,0.0,1.12,1.12,6,375,420.0
2022-07-15 00:00:00,1.05,1.12,0.07,6.25,1.12,1.12,2,40,44.8
2022-07-13 00:00:00,1.05,1.05,0.0,0.0,1.05,1.05,2,440,462.0
2022-07-12 00:00:00,1.05,1.05,0.0,0.0,1.05,1.0,7,1973,1974.3
2022-07-11 00:00:00,1.05,1.05,0.0,0.0,1.05,1.05,3,240,252.0
2022-07-08 00:00:00,1.1,1.05,-0.05,-4.76,1.05,1.03,7,17541,18070.05
2022-07-07 00:00:00,1.1,1.1,0.0,0.0,1.1,1.1,1,19,20.9
2022-07-06 00:00:00,1.1,1.1,0.0,0.0,1.1,1.1,1,113,124.3
2022-07-01 00:00:00,1.03,1.1,0.07,6.36,1.1,1.03,3,220,228.0
2022-06-30 00:00:00,1.0,1.03,0.03,2.91,1.1,1.03,8,614,645.82
2022-06-29 00:00:00,1.22,1.0,-0.22,-22.0,1.1,1.0,14,2185,2245.99
2022-06-28 00:00:00,1.03,1.22,0.19,15.57,1.22,1.03,5,1514,1770.74
2022-06-27 00:00:00,1.02,1.03,0.01,0.97,1.1,1.0,12,6967,7142.94
2022-06-23 00:00:00,1.04,1.02,-0.02,-1.96,1.04,1.02,5,230,235.2
2022-06-22 00:00:00,1.06,1.04,-0.02,-1.92,1.06,1.04,5,656,688.99
2022-06-21 00:00:00,1.25,1.06,-0.19,-17.92,1.2,1.05,3,350,384.0
2022-06-17 00:00:00,1.44,1.25,-0.19,-15.2,1.44,1.25,14,1553,2031.24
2022-06-16 00:00:00,1.44,1.44,0.0,0.0,1.44,1.3,9,422,577.81
2022-06-15 00:00:00,1.58,1.44,-0.14,-9.72,1.57,1.44,13,437,647.29
2022-06-14 00:00:00,1.45,1.58,0.13,8.23,1.6,1.58,6,1161,1837.38
2022-06-10 00:00:00,1.44,1.45,0.01,0.69,1.45,1.35,8,614,885.54
2022-06-09 00:00:00,1.44,1.44,0.0,0.0,1.5,1.4,17,4264,6023.14
2022-06-08 00:00:00,1.27,1.44,0.17,11.81,1.44,1.27,6,336,429.27
2022-06-07 00:00:00,1.07,1.27,0.2,15.75,1.27,1.07,6,1229,1362.96
2022-06-06 00:00:00,1.04,1.07,0.03,2.8,1.14,1.07,3,497,542.29
2022-06-03 00:00:00,1.0,1.04,0.04,3.85,1.05,1.0,11,2843,2923.22
2022-06-02 00:00:00,1.0,1.0,0.0,0.0,1.1,1.0,9,1340,1346.0
2022-06-01 00:00:00,1.1,1.0,-0.1,-10.0,0.0,0.0,19,1443,1496.6
2022-05-31 00:00:00,1.34,1.1,-0.24,-21.82,0.0,0.0,6,385,443.5
2022-05-27 00:00:00,1.71,1.34,-0.37,-27.61,1.4,1.34,10,746,1028.45
2022-05-26 00:00:00,2.14,1.71,-0.43,-25.15,2.5,1.71,14,2480,5261.0
2022-05-25 00:00:00,0.72,2.14,1.42,66.36,2.15,0.78,24,11110,13308.4
2022-05-24 00:00:00,0.7,0.72,0.02,2.78,0.0,0.0,4,800,573.2
2022-05-23 00:00:00,0.69,0.7,0.01,1.43,0.0,0.0,4,1100,770.0
2022-05-19 00:00:00,0.65,0.69,0.04,5.8,0.0,0.0,6,950,624.86
2022-05-18 00:00:00,0.6,0.65,0.05,7.69,0.0,0.0,4,3560,2136.49
2022-05-17 00:00:00,0.58,0.6,0.02,3.33,0.0,0.0,4,680,400.5
2022-05-16 00:00:00,0.57,0.58,0.01,1.72,0.0,0.0,2,540,313.0
2022-05-13 00:00:00,0.57,0.57,0.0,0.0,0.0,0.0,1,1000,570.0
2022-05-12 00:00:00,0.53,0.57,0.04,7.02,0.58,0.57,2,170,97.1
2022-05-10 00:00:00,0.52,0.53,0.01,1.89,0.0,0.0,2,1540,741.0
2022-05-06 00:00:00,0.44,0.52,0.08,15.38,0.52,0.52,1,20,10.4
2022-05-04 00:00:00,0.48,0.44,-0.04,-9.09,0.58,0.44,2,420,240.15
2022-05-03 00:00:00,0.48,0.48,0.0,0.0,0.0,0.0,1,100,48.0
29-APR-22,0.43,0.48,0.05,10.42,0.48,0.45,7,5320,2468.54
28-APR-22,0.42,0.43,0.01,2.33,0.0,0.0,2,100,42.5
27-APR-22,0.41,0.42,0.01,2.38,0.0,0.0,4,210,88.62
21-APR-22,0.41,0.41,0.0,0.0,0.42,0.41,6,1190,488.9
20-APR-22,0.41,0.42,0.01,2.38,0.42,0.42,1,460,190.9
18-APR-22,0.41,0.41,0.0,0.0,0.0,0.0,3,1120,459.2
13-APR-22,0.41,0.41,0.0,0.0,0.0,0.0,1,1500,660.0
12-APR-22,0.42,0.41,-0.01,-2.44,0.41,0.41,2,780,319.8
11-APR-22,0.48,0.42,-0.06,-14.29,0.42,0.42,6,10500,4950.0
08-APR-22,0.48,0.48,0.0,0.0,0.48,0.48,2,180,86.4
06-APR-22,0.48,0.48,0.0,0.0,0.0,0.0,2,60,28.8
05-APR-22,0.45,0.48,0.03,6.25,0.48,0.48,1,460,220.8
01-APR-22,0.4,0.45,0.05,11.11,0.45,0.45,1,250,112.5
2022-03-30 00:00:00,0.4,0.4,0.0,0.0,0.0,0.0,3,440,176.0
2022-03-29 00:00:00,0.4,0.4,0.0,0.0,0.4,0.4,4,1310,524.0
2022-03-24 00:00:00,0.38,0.4,0.02,5.0,0.4,0.4,1,250,99.75
2022-03-23 00:00:00,0.34,0.38,0.04,10.53,0.38,0.34,5,1310,467.83
2022-03-21 00:00:00,0.34,0.34,0.0,0.0,0.34,0.34,1,30,10.08
2022-03-18 00:00:00,0.32,0.34,0.02,5.88,0.34,0.34,1,900,301.5
2022-03-16 00:00:00,0.32,0.32,0.0,0.0,0.32,0.32,1,300,94.5
2022-03-15 00:00:00,0.32,0.32,0.0,0.0,0.0,0.0,5,2160,680.4
2022-03-14 00:00:00,0.32,0.32,0.0,0.0,0.0,0.0,14,10500,3307.5
2022-03-11 00:00:00,0.38,0.32,-0.06,-18.75,0.38,0.32,6,8000,2581.02
2022-03-10 00:00:00,0.4,0.38,-0.02,-5.26,0.38,0.38,1,200,75.0
2022-03-07 00:00:00,0.4,0.4,0.0,0.0,0.0,0.0,1,50,20.0
2022-03-04 00:00:00,0.4,0.4,0.0,0.0,0.41,0.41,1,10,4.05
2022-02-25 00:00:00,0.4,0.4,0.0,0.0,0.0,0.0,1,10,4.0
2022-02-22 00:00:00,0.41,0.4,-0.01,-2.5,0.0,0.0,3,1340,538.4
2022-02-21 00:00:00,0.4,0.41,0.01,2.44,0.0,0.0,2,260,106.4
2022-02-17 00:00:00,0.38,0.4,0.02,5.0,0.0,0.0,3,4060,1624.0
2022-02-16 00:00:00,0.38,0.38,0.0,0.0,0.0,0.0,3,1000,380.0
2022-02-15 00:00:00,0.35,0.38,0.03,7.89,0.0,0.0,3,460,169.73
2022-02-11 00:00:00,0.35,0.35,0.0,0.0,0.35,0.35,1,140,49.0
2022-02-09 00:00:00,0.33,0.35,0.02,5.71,0.35,0.33,13,9730,3333.19
2022-02-08 00:00:00,0.34,0.33,-0.01,-3.03,0.0,0.0,4,1870,617.1
2022-02-03 00:00:00,0.35,0.34,-0.01,-2.94,0.0,0.0,8,2850,969.0
2022-02-01 00:00:00,0.35,0.35,0.0,0.0,0.35,0.35,1,1560,546.0
31-JAN-22,0.35,0.35,0.0,0.0,0.0,0.0,1,2750,962.5
28-JAN-22,0.37,0.35,-0.02,-5.71,0.36,0.35,4,1640,581.4
27-JAN-22,0.4,0.37,-0.03,-8.11,0.0,0.0,2,90,33.27
25-JAN-22,0.34,0.4,0.06,15.0,0.0,0.0,2,310,123.69
24-JAN-22,0.41,0.34,-0.07,-20.59,0.0,0.0,1,70,23.66
18-JAN-22,0.41,0.41,0.0,0.0,0.0,0.0,1,10,4.1
07-JAN-22,0.41,0.41,0.0,0.0,0.41,0.41,1,540,221.4
06-JAN-22,0.41,0.41,0.0,0.0,0.0,0.0,2,620,254.2
04-JAN-22,0.41,0.41,0.0,0.0,0.0,0.0,4,400,164.0
29-DEC-21,0.41,0.41,0.0,0.0,0.0,0.0,1,30,12.3
23-DEC-21,0.41,0.41,0.0,0.0,0.41,0.41,1,250,102.5
22-DEC-21,0.41,0.41,0.0,0.0,0.41,0.41,1,80,32.8
21-DEC-21,0.41,0.41,0.0,0.0,0.41,0.41,1,70,28.7
20-DEC-21,0.42,0.41,-0.01,-2.44,0.0,0.0,2,240,99.36
16-DEC-21,0.42,0.42,0.0,0.0,0.0,0.0,3,160,66.72
09-DEC-21,0.42,0.42,0.0,0.0,0.0,0.0,2,240,100.09
08-DEC-21,0.42,0.42,0.0,0.0,0.0,0.0,1,10,4.17
07-DEC-21,0.42,0.42,0.0,0.0,0.42,0.42,1,10,4.2
06-DEC-21,0.44,0.42,-0.02,-4.76,0.42,0.42,3,1000,420.0
03-DEC-21,0.44,0.44,0.0,0.0,0.0,0.0,2,260,114.4
01-DEC-21,0.46,0.44,-0.02,-4.55,0.0,0.0,4,820,367.44
2021-11-26 00:00:00,0.46,0.46,0.0,0.0,0.46,0.46,2,300,138.0
2021-11-23 00:00:00,0.46,0.46,0.0,0.0,0.0,0.0,2,500,228.04
2021-11-19 00:00:00,0.46,0.46,0.0,0.0,0.46,0.46,4,750,343.05
2021-11-18 00:00:00,0.47,0.46,-0.01,-2.17,0.0,0.0,5,600,276.43
2021-11-17 00:00:00,0.47,0.47,0.0,0.0,0.0,0.0,6,450,209.18
2021-11-16 00:00:00,0.45,0.47,0.02,4.26,0.47,0.47,1,200,93.8
2021-11-10 00:00:00,0.48,0.45,-0.03,-6.67,0.0,0.0,7,1030,463.5
2021-11-09 00:00:00,0.5,0.48,-0.02,-4.17,0.48,0.48,3,510,244.35
2021-10-29 00:00:00,0.51,0.5,-0.01,-2.0,0.0,0.0,1,200,100.0
2021-10-28 00:00:00,0.52,0.51,-0.01,-1.96,0.51,0.51,3,540,275.4
2021-10-27 00:00:00,0.53,0.52,-0.01,-1.92,0.0,0.0,2,12300,6432.9
2021-10-26 00:00:00,0.54,0.53,-0.01,-1.89,0.0,0.0,1,10,5.28
2021-10-25 00:00:00,0.53,0.54,0.01,1.85,0.54,0.54,1,10,5.35
2021-10-22 00:00:00,0.53,0.53,0.0,0.0,0.0,0.0,1,10,5.3
2021-10-21 00:00:00,0.54,0.53,-0.01,-1.89,0.54,0.53,2,120,64.14
2021-10-20 00:00:00,0.54,0.54,0.0,0.0,0.54,0.54,2,470,252.65
2021-10-19 00:00:00,0.55,0.54,-0.01,-1.85,0.0,0.0,2,80,43.25
2021-10-18 00:00:00,0.55,0.55,0.0,0.0,0.0,0.0,2,20,10.98
2021-10-15 00:00:00,0.65,0.55,-0.1,-18.18,0.0,0.0,1,200,110.0
2021-10-11 00:00:00,0.59,0.65,0.06,9.23,0.65,0.65,1,10,6.5
2021-09-29 00:00:00,600000.0,594000.0,-6000.0,-1.01,594000.0,594000.0,1,140,83160000.0
2021-09-28 00:00:00,519000.0,600000.0,81000.0,13.5,600000.0,500000.0,8,518,259500000.0
2021-09-27 00:00:00,495000.0,519000.0,24000.0,4.62,519000.0,495000.0,4,33,17055000.0
2021-09-24 00:00:00,500000.0,495000.0,-5000.0,-1.01,500000.0,490000.0,9,1075,527109600.0
2021-09-23 00:00:00,481000.0,500000.0,19000.0,3.8,510000.0,500000.0,3,21,10870000.0
2021-09-22 00:00:00,491000.0,481000.0,-10000.0,-2.08,481000.0,481000.0,2,240,115440000.0
2021-09-21 00:00:00,490000.0,491000.0,1000.0,0.2,492000.0,480000.0,13,2328,1132912600.0
2021-09-20 00:00:00,500000.0,490000.0,-10000.0,-2.04,496000.0,490000.0,7,409,200570000.0
2021-09-17 00:00:00,482000.0,500000.0,18000.0,3.6,500000.0,483000.0,3,17,8347000.0
2021-09-16 00:00:00,480000.0,482000.0,2000.0,0.41,482000.0,482000.0,1,150,72300000.0
2021-09-15 00:00:00,480000.0,480000.0,0.0,0.0,480010.0,480000.0,4,477,228961200.0
2021-09-14 00:00:00,466000.0,480000.0,14000.0,2.92,500000.0,480000.0,7,3267,1613560000.0
2021-09-13 00:00:00,456000.0,466000.0,10000.0,2.15,470000.0,465000.0,5,2670,1249243000.0
2021-09-10 00:00:00,451000.0,456000.0,5000.0,1.1,456000.0,456000.0,1,8,3648000.0
2021-09-09 00:00:00,473990.0,451000.0,-22990.0,-5.1,472000.0,450000.0,7,1013,458900000.0
2021-09-08 00:00:00,475000.0,473990.0,-1010.0,-0.21,480000.0,473990.0,8,259,122924000.0
2021-09-07 00:00:00,549900.0,475000.0,-74900.0,-15.77,500000.0,475000.0,4,537,267750000.0
2021-09-06 00:00:00,500000.0,549900.0,49900.0,9.07,549900.0,500010.0,6,28,15047970.0
2021-09-03 00:00:00,564000.0,500000.0,-64000.0,-12.8,500000.0,500000.0,5,461,230500000.0
2021-09-02 00:00:00,564000.0,564000.0,0.0,0.0,564000.0,558000.0,2,7,3936000.0
2021-09-01 00:00:00,479000.0,564000.0,85000.0,15.07,565500.0,479000.0,5,41,21564000.0
31-AUG-21,479000.0,479000.0,0.0,0.0,479000.0,479000.0,2,888,425352000.0
27-AUG-21,480000.0,479000.0,-1000.0,-0.21,480000.0,478900.0,5,1562,748418000.0
26-AUG-21,497990.0,480000.0,-17990.0,-3.75,495000.0,480000.0,9,765,367680000.0
25-AUG-21,499000.0,497990.0,-1010.0,-0.2,498000.0,497990.0,5,229,114041800.0
24-AUG-21,549000.0,499000.0,-50000.0,-10.02,500000.0,499000.0,7,1265,632235000.0
23-AUG-21,569000.0,549000.0,-20000.0,-3.64,567000.0,548000.0,5,202,111200000.0
20-AUG-21,572000.0,569000.0,-3000.0,-0.53,572000.0,569000.0,2,303,172416000.0
19-AUG-21,498000.0,572000.0,74000.0,12.94,572000.0,498000.0,2,1580,794240000.0
18-AUG-21,499000.0,498000.0,-1000.0,-0.2,498000.0,498000.0,4,1513,753474000.0
17-AUG-21,477000.0,499000.0,22000.0,4.41,499000.0,499000.0,2,393,196107000.0
13-AUG-21,480000.0,477000.0,-3000.0,-0.63,478000.0,477000.0,2,310,148170000.0
12-AUG-21,480000.0,480000.0,0.0,0.0,500000.0,480000.0,3,533,255900000.0
11-AUG-21,500000.0,480000.0,-20000.0,-4.17,500000.0,480000.0,2,15,7300000.0
10-AUG-21,500000.0,500000.0,0.0,0.0,500000.0,421000.0,5,541,237715000.0
09-AUG-21,500000.0,500000.0,0.0,0.0,500000.0,500000.0,1,3,1500000.0
06-AUG-21,465000.0,500000.0,35000.0,7.0,500000.0,471000.0,2,12,5797000.0
05-AUG-21,465000.0,465000.0,0.0,0.0,465000.0,465000.0,2,173,80445000.0
04-AUG-21,456000.0,465000.0,9000.0,1.94,465000.0,456000.0,4,171,78039000.0
03-AUG-21,435000.0,456000.0,21000.0,4.61,456000.0,435000.0,6,799,348222000.0
2021-07-30 00:00:00,435000.0,435000.0,0.0,0.0,435000.0,435000.0,1,2,870000.0
2021-07-29 00:00:00,430000.0,435000.0,5000.0,1.15,435000.0,435000.0,2,100,43500000.0
2021-07-28 00:00:00,430000.0,430000.0,0.0,0.0,430000.0,430000.0,1,2,860000.0
2021-07-27 00:00:00,430000.0,430000.0,0.0,0.0,455000.0,430000.0,5,265,114906000.0
2021-07-26 00:00:00,455000.0,430000.0,-25000.0,-5.81,455000.0,430000.0,3,40,18074950.0
2021-07-23 00:00:00,454990.0,455000.0,10.0,0.0,455000.0,400000.0,3,314,126370000.0
2021-07-22 00:00:00,455000.0,454990.0,-10.0,0.0,454990.0,454990.0,1,21,9554790.0
2021-07-21 00:00:00,455000.0,455000.0,0.0,0.0,455000.0,455000.0,1,46,20930000.0
2021-07-20 00:00:00,455000.0,455000.0,0.0,0.0,455000.0,455000.0,2,30,13650000.0
2021-07-19 00:00:00,445000.0,455000.0,10000.0,2.2,455000.0,455000.0,4,402,182910000.0
2021-07-16 00:00:00,445000.0,445000.0,0.0,0.0,445000.0,445000.0,1,33,14685000.0
2021-07-15 00:00:00,375000.0,445000.0,70000.0,15.73,445000.0,445000.0,1,650,289250000.0
2021-07-14 00:00:00,375000.0,375000.0,0.0,0.0,375000.0,375000.0,2,23,8625000.0
2021-07-12 00:00:00,375000.0,375000.0,0.0,0.0,375000.0,375000.0,1,5,1875000.0
2021-07-09 00:00:00,375000.0,375000.0,0.0,0.0,375000.0,375000.0,4,62,23250000.0
2021-07-08 00:00:00,400000.0,375000.0,-25000.0,-6.67,375000.0,375000.0,2,10,3750000.0
2021-07-06 00:00:00,400000.0,400000.0,0.0,0.0,400000.0,400000.0,1,8,3200000.0
2021-07-02 00:00:00,400000.0,400000.0,0.0,0.0,400000.0,400000.0,1,4,1600000.0
2021-07-01 00:00:00,410000.0,400000.0,-10000.0,-2.5,410000.0,400000.0,3,22,8970000.0
2021-06-30 00:00:00,420050.0,410000.0,-10050.0,-2.45,410000.0,410000.0,1,111,45510000.0
2021-06-25 00:00:00,414990.0,420050.0,5060.0,1.2,420050.0,414990.0,3,50,20784920.0
2021-06-23 00:00:00,414990.0,414990.0,0.0,0.0,433000.0,433000.0,1,4,1732000.0
2021-06-21 00:00:00,414990.0,414990.0,0.0,0.0,414990.0,414990.0,1,10,4149900.0
2021-06-18 00:00:00,414990.0,414990.0,0.0,0.0,414980.0,414980.0,1,3,1244940.0
2021-06-17 00:00:00,415000.0,414990.0,-10.0,0.0,414990.0,414990.0,1,15,6224850.0
2021-06-15 00:00:00,415000.0,415000.0,0.0,0.0,415000.0,385000.0,4,15,6075000.0
2021-06-11 00:00:00,425000.0,415000.0,-10000.0,-2.41,425000.0,415000.0,6,379,160998000.0
2021-06-10 00:00:00,435000.0,425000.0,-10000.0,-2.35,435000.0,425000.0,10,1286,554240000.0
2021-06-09 00:00:00,438000.0,435000.0,-3000.0,-0.69,438000.0,426000.0,9,3625,1570325000.0
2021-06-08 00:00:00,473000.0,438000.0,-35000.0,-7.99,450000.0,438000.0,5,6464,2880532000.0
2021-06-07 00:00:00,475000.0,473000.0,-2000.0,-0.42,475000.0,440000.0,3,138,64844000.0
2021-06-04 00:00:00,400000.0,475000.0,75000.0,15.79,475000.0,400000.0,2,98,39950000.0
2021-06-03 00:00:00,355000.0,400000.0,45000.0,11.25,400000.0,315000.0,12,2222,849815000.0
2021-06-02 00:00:00,380000.0,355000.0,-25000.0,-7.04,380000.0,355000.0,5,495,178593000.0
2021-06-01 00:00:00,400000.0,380000.0,-20000.0,-5.26,380000.0,380000.0,2,38,14440000.0
2021-05-31 00:00:00,439000.0,400000.0,-39000.0,-9.75,435000.0,386000.0,5,981,407338000.0
2021-05-28 00:00:00,450000.0,439000.0,-11000.0,-2.51,449000.0,400000.0,9,126,55329000.0
2021-05-27 00:00:00,480000.0,450000.0,-30000.0,-6.67,450000.0,450000.0,3,50,22500000.0
2021-05-26 00:00:00,480000.0,480000.0,0.0,0.0,480000.0,480000.0,7,435,208800000.0
2021-05-25 00:00:00,489000.0,480000.0,-9000.0,-1.88,480000.0,480000.0,5,904,433920000.0
2021-05-21 00:00:00,489000.0,489000.0,0.0,0.0,489000.0,480000.0,4,18,8756900.0
2021-05-20 00:00:00,500000.0,489000.0,-11000.0,-2.25,499990.0,489000.0,4,43,21268780.0
2021-05-19 00:00:00,500000.0,500000.0,0.0,0.0,500000.0,500000.0,2,1367,683500000.0
2021-05-18 00:00:00,500000.0,500000.0,0.0,0.0,500000.0,500000.0,4,62,31000000.0
2021-05-17 00:00:00,438000.0,500000.0,62000.0,12.4,500000.0,438000.0,2,501,250438000.0
2021-05-14 00:00:00,379000.0,438000.0,59000.0,13.47,439000.0,379000.0,8,158,63543000.0
2021-05-13 00:00:00,320000.0,379000.0,59000.0,15.57,379000.0,330000.0,7,649,225762000.0
2021-05-12 00:00:00,321010.0,320000.0,-1010.0,-0.32,325000.0,320000.0,6,174,55897300.0
2021-05-11 00:00:00,380000.0,321010.0,-58990.0,-18.38,455000.0,321010.0,11,490,167263300.0
2021-05-10 00:00:00,317000.0,380000.0,63000.0,16.58,380000.0,321000.0,10,249,92885000.0
2021-05-07 00:00:00,299000.0,317000.0,18000.0,5.68,317000.0,285000.0,3,1913,606050000.0
2021-05-06 00:00:00,265000.0,299000.0,34000.0,11.37,299000.0,271000.0,8,727,208269000.0
2021-05-05 00:00:00,246000.0,265000.0,19000.0,7.17,265000.0,255000.0,6,2340,608613150.0
2021-05-04 00:00:00,255000.0,246000.0,-9000.0,-3.66,246000.0,235000.0,5,3378,796280000.0
2021-05-03 00:00:00,249000.0,255000.0,6000.0,2.35,255000.0,250000.0,6,500,127009160.0
30-APR-21,249990.0,249000.0,-990.0,-0.4,249000.0,249000.0,2,58,14442000.0
29-APR-21,250000.0,249990.0,-10.0,0.0,249990.0,249990.0,4,312,77999600.0
28-APR-21,245000.0,250000.0,5000.0,2.0,250000.0,250000.0,5,367,91750000.0
27-APR-21,227000.0,245000.0,18000.0,7.35,245000.0,230000.0,4,207,47955000.0
26-APR-21,227000.0,227000.0,0.0,0.0,227000.0,226000.0,7,661,150008970.0
23-APR-21,190000.0,227000.0,37000.0,16.3,227000.0,215000.0,3,181,40775000.0
22-APR-21,180000.0,190000.0,10000.0,5.26,190000.0,181000.0,3,257,47651000.0
21-APR-21,165000.0,180000.0,15000.0,8.33,185000.0,165000.0,5,281,49330000.0
20-APR-21,155717.25,165000.0,9282.75,5.63,165000.0,165000.0,1,100,16500000.0
16-APR-21,150010.0,156000.0,5990.0,3.84,156000.0,156000.0,1,565,88140000.0
15-APR-21,150000.0,150010.0,10.0,0.01,160000.0,150010.0,2,500,75134870.0
14-APR-21,149990.0,150000.0,10.0,0.01,150000.0,150000.0,3,450,67500000.0
13-APR-21,149990.0,149990.0,0.0,0.0,149990.0,149990.0,4,93,13949070.0
12-APR-21,126050.0,149990.0,23940.0,15.96,149990.0,149990.0,2,620,92993800.0
09-APR-21,125000.0,126050.0,1050.0,0.83,126050.0,126050.0,2,936,117982800.0
07-APR-21,125000.0,125000.0,0.0,0.0,139990.0,139990.0,2,8,1074950.0
06-APR-21,130000.0,125000.0,-5000.0,-4.0,125000.0,125000.0,5,1248,156000000.0
05-APR-21,125000.0,130000.0,5000.0,3.85,130000.0,130000.0,4,255,33135000.0
2021-03-31 00:00:00,120000.0,125000.0,5000.0,4.0,125000.0,125000.0,3,32,4000000.0
2021-03-30 00:00:00,120000.0,120000.0,0.0,0.0,120000.0,120000.0,1,6,720000.0
2021-03-29 00:00:00,120000.0,120000.0,0.0,0.0,125000.0,125000.0,1,1,125000.0
2021-03-26 00:00:00,120000.0,120000.0,0.0,0.0,130000.0,130000.0,1,7,910000.0
2021-03-24 00:00:00,120000.0,120000.0,0.0,0.0,120000.0,115000.0,6,6256,737940000.0
2021-03-23 00:00:00,115000.0,120000.0,5000.0,4.17,120000.0,115000.0,5,2693,310720000.0
2021-03-22 00:00:00,116000.0,115000.0,-1000.0,-0.87,115000.0,115000.0,3,211,24265000.0
2021-03-18 00:00:00,116850.0,116000.0,-850.0,-0.73,116000.0,115000.0,2,200,23191000.0
2021-03-17 00:00:00,116900.0,116850.0,-50.0,-0.04,116850.0,116850.0,4,604,70577400.0
2021-03-16 00:00:00,116990.0,116900.0,-90.0,-0.08,116990.0,116900.0,3,1113,130208700.0
2021-03-15 00:00:00,114990.0,116990.0,2000.0,1.71,116990.0,116990.0,1,9,1052910.0
2021-03-12 00:00:00,120000.0,114990.0,-5010.0,-4.36,114990.0,114990.0,4,5455,646919450.0
2021-03-11 00:00:00,119000.0,120000.0,1000.0,0.83,120000.0,119000.0,3,220,26200000.0
2021-03-10 00:00:00,125990.0,119000.0,-6990.0,-5.87,119000.0,115000.0,5,592,68260000.0
2021-03-09 00:00:00,109990.0,125990.0,16000.0,12.7,125990.0,125990.0,1,50,6299500.0
2021-03-08 00:00:00,105000.0,109990.0,4990.0,4.54,109990.0,105000.0,3,664,69754930.0
2021-03-05 00:00:00,105000.0,105000.0,0.0,0.0,105000.0,105000.0,3,1600,168000000.0
2021-03-04 00:00:00,109990.0,105000.0,-4990.0,-4.75,105000.0,105000.0,6,2421,254205000.0
2021-03-02 00:00:00,107990.0,109990.0,2000.0,1.82,109990.0,109990.0,2,1639,180273610.0
2021-03-01 00:00:00,100000.0,107990.0,7990.0,7.4,110000.0,107990.0,5,64,6921410.0
2021-02-25 00:00:00,119990.0,100000.0,-19990.0,-19.99,120000.0,100000.0,4,1150,118000000.0
2021-02-24 00:00:00,100000.0,119990.0,19990.0,16.66,119990.0,119990.0,2,1466,175905340.0
2021-02-23 00:00:00,91000.0,100000.0,9000.0,9.0,107970.0,100000.0,3,251,25267370.0
2021-02-22 00:00:00,91000.0,91000.0,0.0,0.0,107490.0,107490.0,1,2,214980.0
2021-02-19 00:00:00,90010.0,91000.0,990.0,1.09,91000.0,90000.0,13,2507,225810250.0
2021-02-18 00:00:00,107000.0,90010.0,-16990.0,-18.88,104990.0,90010.0,2,302,27212980.0
2021-02-17 00:00:00,90000.0,107000.0,17000.0,15.89,107000.0,107000.0,1,119,12733000.0
2021-02-12 00:00:00,82000.0,90000.0,8000.0,8.89,90000.0,82000.0,8,2911,259711330.0
2021-02-11 00:00:00,82000.0,82000.0,0.0,0.0,82000.0,82000.0,2,1412,115784000.0
2021-02-10 00:00:00,75000.0,82000.0,7000.0,8.54,82000.0,77500.0,8,11025,861229630.0
2021-02-09 00:00:00,72990.0,75000.0,2010.0,2.68,75000.0,75000.0,2,38,2850000.0
2021-02-08 00:00:00,75000.0,72990.0,-2010.0,-2.75,73000.0,72990.0,2,562,41025000.0
2021-02-05 00:00:00,75000.0,75000.0,0.0,0.0,75000.0,75000.0,4,3938,295350000.0
2021-02-03 00:00:00,74000.0,75000.0,1000.0,1.33,75000.0,75000.0,2,17,1275000.0
2021-02-01 00:00:00,74000.0,74000.0,0.0,0.0,74000.0,74000.0,8,2197,162578000.0
29-JAN-21,74000.0,74000.0,0.0,0.0,74000.0,74000.0,2,1053,77922000.0
27-JAN-21,74000.0,74000.0,0.0,0.0,74000.0,73000.0,4,7336,537024000.0
26-JAN-21,80000.0,74000.0,-6000.0,-8.11,82500.0,74000.0,9,5442,419196500.0
25-JAN-21,84950.0,80000.0,-4950.0,-6.19,84000.0,80000.0,4,333,27440000.0
22-JAN-21,78000.0,84950.0,6950.0,8.18,85000.0,78000.0,5,59,4817600.0
21-JAN-21,74900.0,78000.0,3100.0,3.97,85000.0,78000.0,5,185,14606000.0
20-JAN-21,68000.0,74900.0,6900.0,9.21,74900.0,69000.0,2,13,956000.0
19-JAN-21,67000.0,68000.0,1000.0,1.47,79000.0,68000.0,2,40,2808000.0
15-JAN-21,68000.0,67000.0,-1000.0,-1.49,68000.0,67000.0,8,2144,145021110.0
14-JAN-21,68010.0,68000.0,-10.0,-0.01,68000.0,68000.0,2,370,25160000.0
13-JAN-21,70000.0,68010.0,-1990.0,-2.93,68010.0,68000.0,3,67,4556450.0
12-JAN-21,71990.0,70000.0,-1990.0,-2.84,70000.0,70000.0,3,2654,197685000.0
08-JAN-21,60000.0,71990.0,11990.0,16.66,71990.0,60000.0,5,481,34507290.0
07-JAN-21,59970.0,60000.0,30.0,0.05,60000.0,59000.0,9,2268,134970020.0
06-JAN-21,59990.0,59970.0,-20.0,-0.03,59990.0,59970.0,8,181,10854710.0
05-JAN-21,65970.0,59990.0,-5980.0,-9.97,65970.0,59990.0,3,20,1271760.0
04-JAN-21,55000.0,65970.0,10970.0,16.63,65970.0,58000.0,8,16014,926729550.0
30-DEC-20,59500.0,55000.0,-4500.0,-8.18,58000.0,55000.0,2,3002,165116000.0
29-DEC-20,59000.0,59500.0,500.0,0.84,59500.0,59500.0,2,700,41650000.0
28-DEC-20,49990.0,59000.0,9010.0,15.27,59000.0,53000.0,4,83,4459000.0
23-DEC-20,50000.0,49990.0,-10.0,-0.02,53000.0,49990.0,6,218,10944000.0
22-DEC-20,49960.0,50000.0,40.0,0.08,50000.0,50000.0,4,1000,50000000.0
21-DEC-20,50000.0,50000.0,0.0,0.0,54990.0,50000.0,4,488,25537720.0
18-DEC-20,56990.0,50000.0,-6990.0,-13.98,50000.0,50000.0,3,379,18950000.0
17-DEC-20,57000.0,56990.0,-10.0,-0.02,56990.0,56900.0,4,289,16453280.0
16-DEC-20,57000.0,57000.0,0.0,0.0,57000.0,57000.0,4,1942,110694000.0
15-DEC-20,57000.0,57000.0,0.0,0.0,57000.0,57000.0,4,230,13110000.0
11-DEC-20,56000.0,57000.0,1000.0,1.75,57000.0,50000.0,3,67,3700000.0
10-DEC-20,55000.0,56000.0,1000.0,1.79,56000.0,50000.0,3,2049,103524000.0
09-DEC-20,59000.0,55000.0,-4000.0,-7.27,59000.0,55000.0,2,512,28164000.0
08-DEC-20,59000.0,59000.0,0.0,0.0,59000.0,59000.0,3,69,4071000.0
07-DEC-20,59990.0,59000.0,-990.0,-1.68,60000.0,59000.0,7,560,33315280.0
04-DEC-20,50000.0,59990.0,9990.0,16.65,59990.0,59990.0,2,8,479920.0
03-DEC-20,50000.0,50000.0,0.0,0.0,50000.0,50000.0,2,34,1700000.0
02-DEC-20,52000.0,50000.0,-2000.0,-4.0,52000.0,50000.0,7,383,19279000.0
01-DEC-20,52193.99,52000.0,-193.99,-0.37,52000.0,52000.0,5,191,9932000.0
2020-11-30 00:00:00,43495.0,52193.99,8698.99,16.67,52193.99,44000.0,4,69,3117939.9
2020-11-27 00:00:00,36287.97,43495.0,7207.03,16.57,43499.99,43495.0,3,70,3044849.6
2020-11-26 00:00:00,30239.99,36287.97,6047.98,16.67,36287.97,33000.0,2,917,32618474.49
2020-11-25 00:00:00,25200.0,30239.99,5039.99,16.67,30239.99,30239.99,1,10,302399.9
2020-11-24 00:00:00,21000.59,25200.0,4199.41,16.66,25200.0,25000.0,7,842,21085399.45
2020-11-20 00:00:00,17500.5,21000.59,3500.09,16.67,21000.59,17500.5,5,4700,96857460.0
2020-11-19 00:00:00,17500.0,17500.5,0.5,0.0,17500.5,17500.5,3,305,5337652.5
2020-11-18 00:00:00,17000.0,17500.0,500.0,2.86,17500.0,17500.0,2,181,3167500.0
2020-11-17 00:00:00,17000.0,17000.0,0.0,0.0,19000.0,17000.0,8,1778,32534000.0
2020-11-13 00:00:00,16500.0,17000.0,500.0,2.94,17000.0,17000.0,2,17,289000.0
2020-11-12 00:00:00,16500.0,16500.0,0.0,0.0,17000.0,16500.0,7,1487,25036000.0
2020-11-11 00:00:00,15000.0,16500.0,1500.0,9.09,16500.0,15500.0,9,15556,256402970.0
2020-11-10 00:00:00,15000.0,15000.0,0.0,0.0,15000.01,15000.0,3,1690,25350002.5
2020-11-06 00:00:00,15003.0,15000.0,-3.0,-0.02,15000.0,15000.0,9,1493,22395000.0
2020-11-05 00:00:00,15225.0,15003.0,-222.0,-1.48,15229.0,15000.0,10,6191,92866770.0
2020-11-04 00:00:00,15299.0,15225.0,-74.0,-0.49,15229.99,15225.0,4,1101,16765850.0
2020-11-02 00:00:00,15999.99,15299.0,-700.99,-4.58,15299.0,15299.0,1,24,367176.0
2020-10-30 00:00:00,14799.0,15999.99,1200.99,7.51,15999.99,14500.0,5,627,9205899.21
2020-10-29 00:00:00,15447.99,14799.0,-648.99,-4.39,15400.0,14799.0,6,518,7816132.0
2020-10-28 00:00:00,15496.0,15447.99,-48.01,-0.31,15447.99,15000.0,2,1590,24559616.16
2020-10-27 00:00:00,15500.0,15496.0,-4.0,-0.03,15500.0,15000.0,4,173,2669800.0
2020-10-26 00:00:00,15500.0,15500.0,0.0,0.0,15500.0,15500.0,1,13,201500.0
2020-10-23 00:00:00,15500.0,15500.0,0.0,0.0,15595.0,15499.95,8,676,10480070.25
2020-10-22 00:00:00,15000.0,15500.0,500.0,3.23,15595.0,15000.0,10,3555,55055500.0
2020-10-21 00:00:00,16000.0,15000.0,-1000.0,-6.67,15500.0,15000.0,9,9244,138694960.0
2020-10-20 00:00:00,16000.0,16000.0,0.0,0.0,16000.0,15999.99,5,2162,34591990.0
2020-10-19 00:00:00,15000.0,16000.0,1000.0,6.25,16500.0,16000.0,4,7510,123694929.43
2020-10-16 00:00:00,15000.0,15000.0,0.0,0.0,15900.0,15000.0,2,33,499500.0
2020-10-15 00:00:00,15000.0,15000.0,0.0,0.0,15199.99,15000.0,5,330,4950399.98
2020-10-14 00:00:00,15000.0,15000.0,0.0,0.0,15000.0,14999.99,5,4708,70619985.0
2020-10-13 00:00:00,15000.0,15000.0,0.0,0.0,16000.0,16000.0,1,12,192000.0
2020-10-09 00:00:00,14900.0,15000.0,100.0,0.67,15499.99,14900.0,5,882,13408493.0
2020-10-08 00:00:00,15000.0,14900.0,-100.0,-0.67,16000.0,14900.0,5,2575,38582000.0
2020-10-07 00:00:00,15000.0,15000.0,0.0,0.0,15000.0,15000.0,5,286,4290000.0
2020-10-06 00:00:00,15000.0,15000.0,0.0,0.0,15499.99,15000.0,4,920,14159992.8
2020-10-05 00:00:00,14999.0,15000.0,1.0,0.01,15000.0,14999.0,4,741,11114439.0
2020-10-02 00:00:00,14600.0,14999.0,399.0,2.66,14999.0,14600.0,9,8070,118089350.0
2020-10-01 00:00:00,15000.0,14600.0,-400.0,-2.74,15000.0,14600.0,5,2646,38890010.0
2020-09-30 00:00:00,16700.0,15000.0,-1700.0,-11.33,16499.99,15000.0,5,4008,60267999.76
2020-09-29 00:00:00,14000.0,16700.0,2700.0,16.17,16799.99,13990.0,3,1097,18027419.98
2020-09-28 00:00:00,14000.0,14000.0,0.0,0.0,14500.0,14000.0,2,200,2805000.0
2020-09-25 00:00:00,14000.0,14000.0,0.0,0.0,14000.0,14000.0,5,2889,40446000.0
2020-09-24 00:00:00,14000.0,14000.0,0.0,0.0,14000.01,14000.0,7,13624,190736030.0
2020-09-23 00:00:00,14000.0,14000.0,0.0,0.0,14000.0,14000.0,1,100,1400000.0
2020-09-22 00:00:00,14000.0,14000.0,0.0,0.0,16799.99,16799.99,2,66,960299.89
2020-09-21 00:00:00,14000.0,14000.0,0.0,0.0,14500.0,14000.0,6,1222,17162500.0
2020-09-18 00:00:00,14200.0,14000.0,-200.0,-1.43,14200.0,14000.0,8,1515,21310000.0
2020-09-17 00:00:00,13500.0,14200.0,700.0,4.93,14200.0,14200.0,2,384,5452800.0
2020-09-16 00:00:00,13500.0,13500.0,0.0,0.0,13500.0,13500.0,10,12766,172341000.0
2020-09-15 00:00:00,13500.0,13500.0,0.0,0.0,14000.0,13500.0,4,1435,19997500.0
2020-09-11 00:00:00,13500.0,13500.0,0.0,0.0,13500.0,13500.0,1,50,675000.0
2020-09-10 00:00:00,13500.0,13500.0,0.0,0.0,13500.0,13500.0,3,1049,14161500.0
2020-09-09 00:00:00,13500.0,13500.0,0.0,0.0,15000.0,15000.0,1,13,195000.0
2020-09-08 00:00:00,13700.0,13500.0,-200.0,-1.48,13500.0,13000.0,5,415,5507000.0
2020-09-07 00:00:00,14000.0,13700.0,-300.0,-2.19,14000.0,13699.99,17,10126,139864398.93
2020-09-04 00:00:00,13749.99,14000.0,250.01,1.79,14000.0,13999.0,2,225,3149800.0
2020-09-03 00:00:00,13000.0,13749.99,749.99,5.45,13998.0,13749.99,3,161,2238035.55
2020-09-02 00:00:00,13000.0,13000.0,0.0,0.0,13500.0,13000.0,2,227,2989500.0
2020-09-01 00:00:00,13500.0,13000.0,-500.0,-3.85,13500.0,13000.0,4,239,3151500.0
31-AUG-20,13500.0,13500.0,0.0,0.0,13500.0,13500.0,6,3027,40864500.0
28-AUG-20,13000.0,13500.0,500.0,3.7,13750.0,13500.0,3,55,743250.0
26-AUG-20,13500.0,13000.0,-500.0,-3.85,13399.0,13000.0,4,1983,25799748.0
25-AUG-20,13998.0,13500.0,-498.0,-3.69,13984.0,13500.0,2,135,1839440.0
24-AUG-20,13998.0,13998.0,0.0,0.0,14000.0,13998.0,3,226,3163568.0
21-AUG-20,13300.0,13998.0,698.0,4.99,14000.0,13998.0,2,64,895960.0
20-AUG-20,11200.0,13300.0,2100.0,15.79,13300.0,11200.0,7,1066,13055675.0
19-AUG-20,11200.0,11200.0,0.0,0.0,11200.0,11200.0,1,106,1187200.0
18-AUG-20,11400.0,11200.0,-200.0,-1.79,11400.0,11200.0,2,230,2582000.0
17-AUG-20,11000.0,11400.0,400.0,3.51,11400.0,11400.0,4,539,6144600.0
14-AUG-20,10600.0,11000.0,400.0,3.64,11499.99,10601.0,5,4004,42897164.5
13-AUG-20,10000.0,10600.0,600.0,5.66,11250.0,10500.0,7,11355,119855000.0
12-AUG-20,10000.0,10000.0,0.0,0.0,11500.0,10000.0,8,4314,43654500.0
11-AUG-20,10000.0,10000.0,0.0,0.0,10000.0,10000.0,3,134,1290000.0
10-AUG-20,10500.0,10000.0,-500.0,-5.0,10500.0,10000.0,3,1372,13956500.0
07-AUG-20,9500.0,10500.0,1000.0,9.52,10500.0,9500.0,11,7777,77842300.0
06-AUG-20,8999.99,9500.0,500.01,5.26,9500.0,8900.0,8,4599,43174909.0
05-AUG-20,8500.0,8999.99,499.99,5.56,8999.99,8500.0,5,639,5629996.03
04-AUG-20,8500.0,8500.0,0.0,0.0,8999.99,8200.01,9,498,4108104.15
03-AUG-20,8500.0,8500.0,0.0,0.0,8500.0,8500.0,5,2068,17578000.0
2020-07-31 00:00:00,8000.0,8500.0,500.0,5.88,8800.0,8500.0,4,71,612770.0
2020-07-30 00:00:00,7500.0,8000.0,500.0,6.25,9000.0,7500.01,3,82,656000.1
2020-07-29 00:00:00,8000.0,7500.0,-500.0,-6.67,7500.0,7500.0,2,2790,21015000.0
2020-07-28 00:00:00,8639.27,8000.0,-639.27,-7.99,8000.0,8000.0,3,1055,7692000.0
2020-07-27 00:00:00,7200.01,8639.27,1439.26,16.66,8639.97,8630.0,7,7193,62077048.11
2020-07-22 00:00:00,7700.0,7200.01,-499.99,-6.94,8194.0,7200.01,5,4011,31857710.0
2020-07-21 00:00:00,7298.0,7700.0,402.0,5.22,7700.0,7500.0,4,1050,7885000.0
2020-07-20 00:00:00,7298.99,7298.0,-0.99,-0.01,8749.0,7290.05,7,106,788002.6
2020-07-17 00:00:00,7298.99,7298.99,0.0,0.0,7000.0,7000.0,1,2,14000.0
2020-07-16 00:00:00,7300.0,7298.99,-1.01,-0.01,7298.99,7298.99,2,525,3831969.75
2020-07-15 00:00:00,7300.0,7300.0,0.0,0.0,7298.99,7298.99,1,2,14597.98
2020-07-14 00:00:00,7300.0,7300.0,0.0,0.0,7300.0,7300.0,1,15,109500.0
2020-07-13 00:00:00,7300.0,7300.0,0.0,0.0,7249.99,7249.99,1,7,50749.93
2020-07-10 00:00:00,7100.0,7300.0,200.0,2.74,7349.0,7300.0,9,11183,81660400.0
2020-07-09 00:00:00,7100.0,7100.0,0.0,0.0,7470.0,7470.0,2,20,149400.0
2020-07-08 00:00:00,7100.0,7100.0,0.0,0.0,7100.0,7100.0,2,324,2300400.0
2020-07-07 00:00:00,7099.99,7100.0,0.01,0.0,7100.0,7100.0,1,50,355000.0
2020-07-06 00:00:00,7000.0,7099.99,99.99,1.41,7099.99,6500.0,2,245,1652499.0
2020-07-03 00:00:00,7000.0,7000.0,0.0,0.0,7200.0,7000.0,3,111,790000.0
2020-07-02 00:00:00,7000.0,7000.0,0.0,0.0,7000.0,7000.0,4,3648,25536000.0
2020-07-01 00:00:00,7500.0,7000.0,-500.0,-7.14,7000.0,7000.0,3,281,1967000.0
2020-06-30 00:00:00,7900.0,7500.0,-400.0,-5.33,7500.0,7499.99,11,10235,76762485.0
2020-06-26 00:00:00,7000.0,7900.0,900.0,11.39,7900.0,7900.0,4,77,608300.0
2020-06-25 00:00:00,7442.85,7000.0,-442.85,-6.33,7449.0,6999.99,6,436,3104637.98
2020-06-23 00:00:00,6520.0,7449.0,929.0,12.47,7499.0,6800.0,4,2371,16988709.0
2020-06-19 00:00:00,6505.0,6520.0,15.0,0.23,6520.0,6520.0,3,1000,6520000.0
2020-06-17 00:00:00,6500.0,6505.0,5.0,0.08,6505.0,5800.0,7,1515,9749220.0
2020-06-16 00:00:00,7199.99,6500.0,-699.99,-10.77,6806.0,6300.0,7,6367,42282500.0
2020-06-12 00:00:00,7200.0,7199.99,-0.01,0.0,7249.99,7199.99,2,229,1651797.71
2020-06-11 00:00:00,8000.0,7200.0,-800.0,-11.11,7200.0,7200.0,2,6136,44179200.0
2020-06-10 00:00:00,6800.0,8000.0,1200.0,15.0,8000.0,8000.0,1,300,2400000.0
2020-06-09 00:00:00,6800.0,6800.0,0.0,0.0,7193.0,6800.0,3,369,2511165.0
2020-06-08 00:00:00,6900.0,6800.0,-100.0,-1.47,7200.0,6800.0,2,236,1620800.0
2020-06-05 00:00:00,7499.99,6900.0,-599.99,-8.7,6900.0,6900.0,1,39,269100.0
2020-06-04 00:00:00,6500.0,7499.99,999.99,13.33,7499.99,6900.0,8,800,5765941.45
2020-06-03 00:00:00,6500.0,6500.0,0.0,0.0,6500.0,6500.0,4,1972,12818000.0
2020-06-02 00:00:00,6900.0,6500.0,-400.0,-6.15,6500.0,6207.0,2,128,802700.0
2020-05-29 00:00:00,6900.0,6900.0,0.0,0.0,6900.0,6900.0,2,435,3001500.0
2020-05-28 00:00:00,6600.0,6900.0,300.0,4.35,6900.0,6900.0,1,25,172500.0
2020-05-26 00:00:00,6600.0,6600.0,0.0,0.0,6701.0,6600.0,4,77,510044.0
2020-05-22 00:00:00,6500.0,6600.0,100.0,1.52,6800.0,6600.0,5,544,3682600.0
2020-05-21 00:00:00,5995.0,6500.0,505.0,7.77,6500.0,6500.0,5,1920,12480000.0
2020-05-20 00:00:00,5999.99,5995.0,-4.99,-0.08,5995.0,5500.0,2,9641,53065595.0
2020-05-19 00:00:00,5005.0,5999.99,994.99,16.58,6000.0,5300.0,6,6509,34584549.0
2020-05-18 00:00:00,6000.0,5005.0,-995.0,-19.88,6000.0,5005.0,15,7683,45149398.4
2020-05-15 00:00:00,6500.0,6000.0,-500.0,-8.33,6250.0,6000.0,4,140,870000.0
2020-05-14 00:00:00,6700.0,6500.0,-200.0,-3.08,6897.0,6500.0,2,12,78794.0
2020-05-13 00:00:00,6898.0,6700.0,-198.0,-2.96,6700.0,6700.0,1,130,871000.0
2020-05-12 00:00:00,6800.0,6898.0,98.0,1.42,7495.0,6898.0,4,156,1160876.0
2020-05-11 00:00:00,7498.0,6800.0,-698.0,-10.26,7594.0,6800.0,8,471,3282940.0
2020-05-08 00:00:00,7900.0,7498.0,-402.0,-5.36,7900.0,7498.0,6,2282,17985390.0
2020-05-07 00:00:00,7946.99,7900.0,-46.99,-0.59,7990.0,7900.0,3,199,1582483.0
2020-05-06 00:00:00,7946.99,7946.99,0.0,0.0,7946.99,7946.99,2,50,396409.7
2020-05-05 00:00:00,7945.0,7946.99,1.99,0.03,7946.99,7945.0,2,64,508487.96
2020-05-04 00:00:00,7995.0,7945.0,-50.0,-0.63,7949.0,7945.0,3,897,7130221.0
30-APR-20,7998.0,7995.0,-3.0,-0.04,7998.0,7995.0,3,654,5230530.0
29-APR-20,8100.0,7998.0,-102.0,-1.28,7998.0,7998.0,2,666,5326668.0
28-APR-20,8600.0,8100.0,-500.0,-6.17,8100.0,7990.0,6,4113,33998130.0
27-APR-20,9000.0,8600.0,-400.0,-4.65,8893.0,8600.0,4,123,1062380.0
24-APR-20,7950.0,9000.0,1050.0,11.67,9000.0,9000.0,1,65,585000.0
23-APR-20,6949.0,7950.0,1001.0,12.59,8329.0,7950.0,6,282,2244226.0
22-APR-20,6193.0,6949.0,756.0,10.88,6949.0,6749.0,5,600,4053865.0
21-APR-20,5799.0,6193.0,394.0,6.36,6193.0,6193.0,1,9,55737.0
20-APR-20,5800.0,5799.0,-1.0,-0.02,6000.0,4800.0,5,3899,19616191.0
17-APR-20,5997.0,5800.0,-197.0,-3.4,6100.0,5800.0,4,746,4449400.0
16-APR-20,5840.0,5997.0,157.0,2.62,6000.0,5840.0,7,1093,6530563.0
15-APR-20,4924.8,5840.0,915.2,15.67,5850.0,5000.0,5,525,2807430.0
14-APR-20,4104.0,4924.8,820.8,16.67,4924.8,4924.79,7,1356,6678016.3
13-APR-20,3420.0,4104.0,684.0,16.67,4104.0,4104.0,1,100,410400.0
08-APR-20,2899.99,3420.0,520.01,15.2,3420.0,2900.0,3,347,1136300.0
07-APR-20,2850.0,2899.99,49.99,1.72,2899.99,2899.99,2,805,2334491.95
06-APR-20,2850.0,2850.0,0.0,0.0,2899.99,2850.0,4,5329,15354066.71
03-APR-20,2900.0,2850.0,-50.0,-1.75,2899.99,2850.0,6,2837,8127041.68
02-APR-20,2800.0,2900.0,100.0,3.45,2901.0,2900.0,2,103,298703.0
01-APR-20,2500.0,2800.0,300.0,10.71,2800.0,2800.0,4,879,2461200.0
2020-03-30 00:00:00,2401.0,2500.0,99.0,3.96,2500.0,2500.0,1,100,250000.0
2020-03-27 00:00:00,2400.0,2401.0,1.0,0.04,2401.0,2200.0,2,1125,2478618.0
2020-03-25 00:00:00,2101.0,2400.0,299.0,12.46,2400.0,2400.0,2,454,1089600.0
2020-03-23 00:00:00,2100.0,2101.0,1.0,0.05,2101.0,2000.0,2,564,1129515.0
2020-03-20 00:00:00,2500.0,2100.0,-400.0,-19.05,2100.0,2100.0,1,100,210000.0
2020-03-18 00:00:00,2500.0,2500.0,0.0,0.0,0.0,0.0,1,105,262500.0
2020-03-16 00:00:00,2500.0,2500.0,0.0,0.0,2639.0,2639.0,1,11,29029.0
2020-03-13 00:00:00,2200.0,2500.0,300.0,12.0,2500.0,2200.0,3,1025,2262500.0
2020-03-12 00:00:00,2200.0,2200.0,0.0,0.0,2200.0,2001.0,5,352,728579.0
2020-03-11 00:00:00,2244.95,2200.0,-44.95,-2.04,2200.0,1801.0,3,633,1169160.0
2020-03-10 00:00:00,2100.0,2244.95,144.95,6.46,2250.0,2244.95,6,6752,15158972.0
2020-03-09 00:00:00,2295.0,2100.0,-195.0,-9.29,2100.0,2100.0,2,620,1302000.0
2020-03-06 00:00:00,2255.0,2295.0,40.0,1.74,2300.0,2295.0,3,196,450760.0
2020-03-04 00:00:00,2255.0,2255.0,0.0,0.0,2255.0,2255.0,1,69,155595.0
2020-03-03 00:00:00,2255.0,2255.0,0.0,0.0,0.0,0.0,1,100,240000.0
2020-03-02 00:00:00,2100.0,2255.0,155.0,6.87,2519.0,1701.0,4,1518,2632990.0
2020-02-28 00:00:00,2100.0,2100.0,0.0,0.0,2100.0,2100.0,1,62,130200.0
2020-02-27 00:00:00,2100.0,2100.0,0.0,0.0,0.0,0.0,1,300,504300.0
2020-02-26 00:00:00,2200.0,2100.0,-100.0,-4.76,2299.0,2100.0,2,1010,2122990.0
2020-02-19 00:00:00,2200.0,2200.0,0.0,0.0,2487.0,2487.0,1,10,24870.0
2020-02-18 00:00:00,2073.01,2200.0,126.99,5.77,2200.0,2200.0,4,453,996600.0
2020-02-12 00:00:00,2415.0,2590.0,175.0,6.76,2590.0,2590.0,3,525,1359750.0
2020-02-11 00:00:00,2415.0,2415.0,0.0,0.0,2415.0,2415.0,1,21,50715.0
2020-02-10 00:00:00,2400.0,2415.0,15.0,0.62,2415.0,2400.0,2,41,98865.0
