fecha,Apert.,Cierre,Abs.,Rel.(%),Max.,Min.,operaci√≥n,titulos,efectivo,acciones
02-JAN-26,199.94,199.97,0.03,0.02,199.97,165.0,21,549,105615.88,52524376.0
30-DEC-25,199.97,199.94,-0.03,-0.02,199.97,165.01,25,2588,516960.49,
29-DEC-25,189.98,199.97,9.99,5.0,199.99,178.0,26,320,63681.51,
26-DEC-25,179.99,189.98,9.99,5.26,200.0,163.0,28,187,35731.42,
23-DEC-25,185.0,179.99,-5.01,-2.78,185.0,179.99,18,411,74625.5,
22-DEC-25,165.0,185.0,20.0,10.81,191.99,160.0,31,811,142263.67,
19-DEC-25,165.0,165.0,0.0,0.0,196.0,150.0,31,2812,463399.97,
18-DEC-25,165.0,165.0,0.0,0.0,167.7,162.0,19,3527,580043.37,
17-DEC-25,165.0,165.0,0.0,0.0,169.9,159.0,31,2906,479128.77,
16-DEC-25,165.0,165.0,0.0,0.0,169.96,135.01,36,2601,429540.24,
15-DEC-25,160.0,165.0,5.0,3.03,175.0,131.0,29,1055,156979.3,
12-DEC-25,165.0,160.0,-5.0,-3.13,168.0,150.0,26,2478,397909.85,
11-DEC-25,149.85,165.0,15.15,9.18,175.0,140.0,16,953,153075.43,
10-DEC-25,134.0,149.85,15.85,10.58,160.0,149.85,18,709,106416.2,
09-DEC-25,114.25,134.0,19.75,14.74,137.0,114.0,27,734,97496.5,
05-DEC-25,110.0,114.25,4.25,3.72,130.9,110.0,20,1517,172810.25,
04-DEC-25,100.0,110.0,10.0,9.09,119.0,100.0,18,599,66290.7,
03-DEC-25,90.0,100.0,10.0,10.0,107.0,90.0,15,1516,155170.0,
02-DEC-25,83.0,90.0,7.0,7.78,95.0,83.0,20,3646,317756.0,
01-DEC-25,77.0,83.0,6.0,7.23,84.9,72.5,39,16095,1302492.7,
2025-11-28 00:00:00,76.99,77.0,0.01,0.01,77.0,75.0,21,950,73143.21,
2025-11-27 00:00:00,77.0,76.99,-0.01,-0.01,77.0,76.99,22,411,31645.21,
2025-11-26 00:00:00,78.9,77.0,-1.9,-2.47,78.94,76.98,16,376,29297.6,
2025-11-25 00:00:00,76.99,78.9,1.91,2.42,79.0,73.0,24,411,31743.96,
2025-11-21 00:00:00,76.99,76.99,0.0,0.0,77.0,74.99,14,146,11050.93,
2025-11-20 00:00:00,77.0,76.99,-0.01,-0.01,77.0,75.0,15,3570,268165.3,
2025-11-19 00:00:00,77.0,77.0,0.0,0.0,78.95,74.0,16,244,18814.55,
2025-11-18 00:00:00,78.99,77.0,-1.99,-2.58,78.99,74.0,28,548,42635.22,
2025-11-17 00:00:00,78.99,78.99,0.0,0.0,78.99,71.15,5,124,9300.84,
2025-11-14 00:00:00,78.95,78.99,0.04,0.05,79.0,78.99,11,478,37757.52,
2025-11-13 00:00:00,76.0,78.95,2.95,3.74,79.0,78.95,9,354,27952.55,
2025-11-12 00:00:00,79.0,76.0,-3.0,-3.95,79.85,76.0,16,2721,207773.5,
2025-11-11 00:00:00,79.0,79.0,0.0,0.0,78.9,70.5,8,161,11911.5,
2025-11-10 00:00:00,73.0,79.0,6.0,7.59,79.0,71.0,26,5488,396581.0,
2025-11-07 00:00:00,78.0,73.0,-5.0,-6.85,79.99,71.15,15,2462,183667.28,
2025-11-06 00:00:00,79.49,78.0,-1.49,-1.91,83.0,76.0,19,877,69774.0,
2025-11-05 00:00:00,75.0,79.49,4.49,5.65,85.0,79.49,21,932,75628.79,
2025-11-04 00:00:00,79.0,75.0,-4.0,-5.33,80.0,72.0,22,635,49269.35,
2025-11-03 00:00:00,80.0,79.0,-1.0,-1.27,80.0,71.0,22,587,45983.0,
2025-10-31 00:00:00,76.0,80.0,4.0,5.0,80.0,79.5,20,1232,98060.0,
2025-10-30 00:00:00,83.95,76.0,-7.95,-10.46,84.0,76.0,17,1639,126243.0,
2025-10-29 00:00:00,83.0,83.95,0.95,1.13,84.0,83.0,19,889,74574.95,
2025-10-28 00:00:00,83.9,83.0,-0.9,-1.08,84.4,73.0,15,1739,138450.3,
2025-10-27 00:00:00,82.0,83.9,1.9,2.26,84.45,73.0,15,1756,145158.45,
2025-10-24 00:00:00,84.45,82.0,-2.45,-2.99,84.45,80.0,17,786,64723.55,
2025-10-23 00:00:00,84.4,84.45,0.05,0.06,84.45,68.0,13,1610,122464.05,
2025-10-22 00:00:00,83.95,84.4,0.45,0.53,84.45,83.45,12,411,34634.35,
2025-10-21 00:00:00,80.5,83.95,3.45,4.11,84.45,77.0,24,1065,89654.1,
2025-10-17 00:00:00,80.0,80.5,0.5,0.62,84.5,80.0,21,756,61373.9,
2025-10-16 00:00:00,83.0,80.0,-3.0,-3.75,84.85,75.0,20,2413,196893.06,
2025-10-15 00:00:00,84.0,83.0,-1.0,-1.2,84.85,80.0,21,2245,187099.65,
2025-10-14 00:00:00,84.87,84.0,-0.87,-1.04,84.89,84.0,10,501,42270.86,
2025-10-13 00:00:00,77.0,84.87,7.87,9.27,85.0,84.0,14,281,23846.42,
2025-10-10 00:00:00,77.0,77.0,0.0,0.0,86.45,75.1,14,728,59071.8,
2025-10-09 00:00:00,85.95,77.0,-8.95,-11.62,86.45,77.0,18,888,71994.8,
2025-10-08 00:00:00,86.4,85.95,-0.45,-0.52,86.0,83.0,12,1106,91557.55,
2025-10-07 00:00:00,86.88,86.4,-0.48,-0.56,86.8,86.4,6,271,23421.05,
2025-10-06 00:00:00,86.88,86.88,0.0,0.0,86.85,70.0,10,183,14626.55,
2025-10-03 00:00:00,84.0,86.88,2.88,3.31,86.88,86.85,13,748,64966.59,
2025-10-02 00:00:00,84.0,84.0,0.0,0.0,87.98,69.0,12,161,13544.89,
2025-10-01 00:00:00,87.5,84.0,-3.5,-4.17,87.35,74.0,19,950,81215.95,
2025-09-30 00:00:00,87.0,87.5,0.5,0.57,87.98,87.35,14,229,20067.45,
2025-09-29 00:00:00,90.4,87.0,-3.4,-3.91,90.45,87.0,14,903,80919.55,
2025-09-26 00:00:00,90.4,90.4,0.0,0.0,90.25,90.25,4,45,4061.25,
2025-09-25 00:00:00,90.6,90.4,-0.2,-0.22,90.45,89.0,12,248,22309.55,
2025-09-24 00:00:00,90.6,90.6,0.0,0.0,90.45,90.1,11,161,14560.0,
2025-09-23 00:00:00,90.94,90.6,-0.34,-0.38,90.9,80.0,7,219,19836.17,
2025-09-22 00:00:00,90.0,90.94,0.94,1.03,90.95,80.0,12,325,29084.35,
2025-09-19 00:00:00,90.45,90.0,-0.45,-0.5,93.0,88.0,12,396,35768.6,
2025-09-18 00:00:00,80.0,90.45,10.45,11.55,90.95,90.0,21,556,50344.75,
2025-09-17 00:00:00,80.0,80.0,0.0,0.0,92.94,89.99,16,162,14828.41,
2025-09-16 00:00:00,99.7,80.0,-19.7,-24.63,100.0,80.0,20,500,46162.9,
2025-09-12 00:00:00,99.8,99.7,-0.1,-0.1,100.0,99.7,8,105,10479.01,
2025-09-11 00:00:00,100.0,99.8,-0.2,-0.2,100.0,90.0,7,266,26575.7,
2025-09-10 00:00:00,91.0,100.0,9.0,9.0,100.0,91.0,11,1000,95500.0,
2025-09-09 00:00:00,91.0,91.0,0.0,0.0,105.0,91.0,13,473,45117.0,
2025-09-08 00:00:00,79.0,91.0,12.0,13.19,91.0,85.0,12,550,47050.0,
2025-09-05 00:00:00,70.0,79.0,9.0,11.39,79.0,78.0,12,424,33484.0,
2025-09-04 00:00:00,61.0,70.0,9.0,12.86,70.0,65.0,16,419,29037.0,
2025-09-03 00:00:00,54.0,61.0,7.0,11.48,61.0,53.99,16,1553,85756.05,
2025-09-02 00:00:00,54.9,54.0,-0.9,-1.67,54.0,53.99,17,731,39469.0,
2025-09-01 00:00:00,49.99,54.9,4.91,8.94,55.0,54.0,13,1301,71503.2,
29-AUG-25,49.99,49.99,0.0,0.0,50.0,50.0,2,79,3950.0,
28-AUG-25,47.0,49.99,2.99,5.98,50.0,49.95,14,215,10744.41,
27-AUG-25,40.0,47.0,7.0,14.89,47.0,35.1,20,2071,94235.8,
26-AUG-25,41.0,40.0,-1.0,-2.5,45.0,40.0,12,1008,44546.0,
25-AUG-25,36.49,41.0,4.51,11.0,41.0,41.0,9,391,16031.0,
22-AUG-25,36.49,36.49,0.0,0.0,41.0,41.0,4,54,2214.0,
21-AUG-25,32.75,36.49,3.74,10.25,36.5,28.0,14,3366,111745.46,
20-AUG-25,32.7,32.75,0.05,0.15,32.75,32.0,22,6007,193714.8,
19-AUG-25,31.98,32.7,0.72,2.2,32.75,27.0,17,7682,231942.55,
15-AUG-25,32.99,31.98,-1.01,-3.16,32.49,31.98,13,979,31335.06,
14-AUG-25,33.0,32.99,-0.01,-0.03,33.0,32.99,9,420,13855.81,
13-AUG-25,33.0,33.0,0.0,0.0,33.0,33.0,11,287,9471.0,
12-AUG-25,33.0,33.0,0.0,0.0,33.5,28.0,9,231,7428.5,
11-AUG-25,32.55,33.0,0.45,1.36,33.0,33.0,13,928,30624.0,
08-AUG-25,29.0,32.55,3.55,10.91,32.55,29.0,13,4491,135753.56,
07-AUG-25,29.0,29.0,0.0,0.0,30.0,30.0,4,51,1530.0,
06-AUG-25,29.0,29.0,0.0,0.0,30.0,27.1,5,99,2839.5,
05-AUG-25,29.35,29.0,-0.35,-1.21,30.0,29.0,24,1793,53610.0,
04-AUG-25,29.35,29.35,0.0,0.0,31.0,25.0,4,153,4573.0,
01-AUG-25,28.0,29.35,1.35,4.6,32.7,28.0,8,453,13168.28,
2025-07-31 00:00:00,29.35,28.0,-1.35,-4.82,29.0,28.0,5,270,7580.0,
2025-07-30 00:00:00,29.35,29.35,0.0,0.0,29.35,24.0,4,63,1754.75,
2025-07-28 00:00:00,29.35,29.35,0.0,0.0,29.5,29.5,1,98,2891.0,
2025-07-25 00:00:00,29.0,29.35,0.35,1.19,30.0,29.35,8,355,10459.25,
2025-07-23 00:00:00,31.0,29.0,-2.0,-6.9,31.0,29.0,5,128,3764.84,
2025-07-22 00:00:00,31.0,31.0,0.0,0.0,31.0,30.7,11,348,10779.6,
2025-07-21 00:00:00,31.0,31.0,0.0,0.0,31.0,30.7,8,137,4244.9,
2025-07-18 00:00:00,30.5,31.0,0.5,1.61,31.0,28.0,10,1632,50562.0,
2025-07-17 00:00:00,29.0,30.5,1.5,4.92,30.5,30.5,5,1752,53436.0,
2025-07-16 00:00:00,29.9,29.0,-0.9,-3.1,29.0,27.5,12,642,18550.0,
2025-07-15 00:00:00,29.99,29.9,-0.09,-0.3,34.0,29.0,11,3820,114505.5,
2025-07-14 00:00:00,33.0,29.99,-3.01,-10.04,34.0,27.5,9,358,11297.5,
2025-07-11 00:00:00,33.0,33.0,0.0,0.0,33.0,33.0,5,372,12276.0,
2025-07-10 00:00:00,33.0,33.0,0.0,0.0,35.42,27.0,7,124,3850.14,
2025-07-09 00:00:00,33.0,33.0,0.0,0.0,35.42,35.42,4,39,1381.38,
2025-07-08 00:00:00,33.0,33.0,0.0,0.0,35.43,30.0,9,1630,49929.3,
2025-07-07 00:00:00,33.0,33.0,0.0,0.0,37.0,29.0,12,753,26003.76,
2025-07-04 00:00:00,29.9,33.0,3.1,9.39,33.0,33.0,10,347,11451.0,
2025-07-03 00:00:00,25.5,29.9,4.4,14.72,29.9,29.9,7,102,3049.8,
2025-07-02 00:00:00,29.25,25.5,-3.75,-14.71,30.0,25.5,7,233,6613.5,
2025-07-01 00:00:00,26.3,29.25,2.95,10.09,29.25,24.0,17,1793,48064.0,
2025-06-30 00:00:00,26.3,26.3,0.0,0.0,25.0,25.0,2,9,225.0,
2025-06-27 00:00:00,23.9,26.3,2.4,9.13,27.0,21.0,10,924,21141.32,
2025-06-26 00:00:00,21.7,23.9,2.2,9.21,25.5,19.0,8,191,4365.2,
2025-06-25 00:00:00,21.7,21.7,0.0,0.0,17.5,17.5,1,20,350.0,
2025-06-20 00:00:00,21.0,21.7,0.7,3.23,21.75,20.5,6,335,7212.2,
2025-06-19 00:00:00,21.7,21.0,-0.7,-3.33,21.8,17.5,4,116,2373.25,
2025-06-18 00:00:00,21.75,21.7,-0.05,-0.23,21.75,19.0,7,593,11522.25,
2025-06-17 00:00:00,21.5,21.75,0.25,1.15,21.75,20.0,5,1086,21870.5,
2025-06-13 00:00:00,19.95,21.5,1.55,7.21,21.8,19.94,9,233,4962.7,
2025-06-12 00:00:00,19.95,19.95,0.0,0.0,20.0,20.0,1,10,200.0,
2025-06-11 00:00:00,18.5,19.95,1.45,7.27,20.0,15.0,5,350,6612.0,
2025-06-09 00:00:00,18.5,18.5,0.0,0.0,20.5,20.5,1,100,2050.0,
2025-06-06 00:00:00,16.8,18.5,1.7,9.19,18.5,17.0,3,164,3013.0,
2025-06-05 00:00:00,14.75,16.8,2.05,12.2,16.8,14.01,5,216,3445.46,
2025-06-04 00:00:00,14.75,14.75,0.0,0.0,16.5,14.75,3,75,1141.25,
2025-06-03 00:00:00,14.6,14.75,0.15,1.02,14.75,14.75,4,521,7684.75,
2025-05-30 00:00:00,14.6,14.6,0.0,0.0,14.5,14.5,3,104,1508.0,
2025-05-29 00:00:00,14.6,14.6,0.0,0.0,14.85,14.5,3,82,1200.2,
2025-05-28 00:00:00,14.1,14.6,0.5,3.42,14.85,14.6,3,927,13541.7,
2025-05-27 00:00:00,14.5,14.1,-0.4,-2.84,14.1,14.0,2,176,2477.7,
2025-05-26 00:00:00,14.5,14.5,0.0,0.0,14.85,14.5,5,62,917.9,
2025-05-23 00:00:00,14.5,14.5,0.0,0.0,14.5,14.5,4,1029,14920.5,
2025-05-22 00:00:00,15.0,14.5,-0.5,-3.45,14.94,14.5,5,1065,15461.83,
2025-05-21 00:00:00,15.89,15.0,-0.89,-5.93,15.0,15.0,1,280,4200.0,
2025-05-20 00:00:00,15.9,15.89,-0.01,-0.06,15.89,13.5,2,209,3273.21,
2025-05-19 00:00:00,15.0,15.9,0.9,5.66,15.95,15.0,8,1884,28610.35,
2025-05-16 00:00:00,15.0,15.0,0.0,0.0,15.0,15.0,2,165,2475.0,
2025-05-15 00:00:00,15.0,15.0,0.0,0.0,15.0,13.5,3,81,1213.5,
2025-05-14 00:00:00,15.0,15.0,0.0,0.0,15.0,15.0,2,17,255.0,
2025-05-13 00:00:00,15.0,15.0,0.0,0.0,15.5,15.0,2,24,362.0,
2025-05-12 00:00:00,14.95,15.0,0.05,0.33,15.0,14.0,3,305,4570.0,
2025-05-08 00:00:00,15.0,14.95,-0.05,-0.33,14.95,14.95,5,220,3289.0,
2025-05-07 00:00:00,13.0,15.0,2.0,13.33,15.0,14.9,5,273,4094.0,
2025-05-06 00:00:00,13.0,13.0,0.0,0.0,15.0,15.0,3,84,1260.0,
2025-05-05 00:00:00,13.0,13.0,0.0,0.0,15.0,15.0,1,30,450.0,
2025-05-02 00:00:00,13.75,13.0,-0.75,-5.77,15.5,13.0,5,655,8649.5,
29-APR-25,13.75,13.75,0.0,0.0,13.75,13.1,2,140,1847.0,
28-APR-25,13.0,13.75,0.75,5.45,13.75,13.75,2,243,3341.25,
25-APR-25,13.7,13.0,-0.7,-5.38,13.7,13.0,3,756,10137.4,
24-APR-25,13.7,13.7,0.0,0.0,13.7,13.7,3,2021,25787.7,
23-APR-25,13.7,13.7,0.0,0.0,13.7,13.49,4,55,746.15,
22-APR-25,13.7,13.7,0.0,0.0,13.49,13.49,1,4,53.96,
21-APR-25,13.7,13.7,0.0,0.0,13.49,12.5,3,34,438.86,
16-APR-25,13.7,13.7,0.0,0.0,13.45,13.45,4,91,1223.95,
15-APR-25,13.7,13.7,0.0,0.0,13.75,13.7,5,92,1260.65,
14-APR-25,13.9,13.7,-0.2,-1.46,13.8,13.7,6,850,11654.5,
11-APR-25,15.9,13.9,-2.0,-14.39,15.75,13.84,8,610,8604.4,
10-APR-25,14.9,15.9,1.0,6.29,15.98,15.89,4,240,3817.15,
09-APR-25,14.9,14.9,0.0,0.0,14.88,14.0,4,550,8172.0,
08-APR-25,12.9,14.9,2.0,13.42,14.9,13.45,5,418,5878.15,
07-APR-25,12.9,12.9,0.0,0.0,13.5,13.5,2,29,391.5,
04-APR-25,12.65,12.9,0.25,1.94,12.9,12.0,8,4235,51236.95,
03-APR-25,12.4,12.65,0.25,1.98,12.65,12.65,1,200,2530.0,
02-APR-25,12.4,12.4,0.0,0.0,12.9,12.4,3,1025,12722.5,
01-APR-25,12.4,12.4,0.0,0.0,12.4,12.4,6,99,1227.6,
2025-03-31 00:00:00,12.4,12.4,0.0,0.0,12.4,12.4,4,176,2182.4,
2025-03-28 00:00:00,12.4,12.4,0.0,0.0,12.3,12.3,5,167,2054.1,
2025-03-27 00:00:00,11.6,12.4,0.8,6.45,12.4,11.8,4,984,11694.6,
2025-03-26 00:00:00,11.6,11.6,0.0,0.0,11.6,11.6,4,67,777.2,
2025-03-25 00:00:00,11.6,11.6,0.0,0.0,11.7,11.55,6,654,7629.9,
2025-03-24 00:00:00,10.5,11.6,1.1,9.48,11.7,11.6,7,3327,38749.07,
2025-03-21 00:00:00,10.5,10.5,0.0,0.0,11.68,11.45,4,2362,24882.2,
2025-03-20 00:00:00,11.8,10.5,-1.3,-12.38,11.8,10.5,7,6778,71594.15,
2025-03-18 00:00:00,11.0,11.8,0.8,6.78,11.8,11.77,8,657,7752.45,
2025-03-17 00:00:00,10.0,11.0,1.0,9.09,11.85,10.0,5,1211,12924.5,
2025-03-14 00:00:00,10.0,10.0,0.0,0.0,10.0,10.0,15,6173,61730.0,
2025-03-13 00:00:00,10.0,10.0,0.0,0.0,10.0,9.99,5,545,5449.53,
2025-03-12 00:00:00,10.0,10.0,0.0,0.0,10.0,9.98,2,251,2509.98,
2025-03-11 00:00:00,10.0,10.0,0.0,0.0,10.0,10.0,2,255,2550.0,
2025-03-10 00:00:00,10.0,10.0,0.0,0.0,10.0,10.0,2,23,230.0,
2025-03-07 00:00:00,10.0,10.0,0.0,0.0,9.95,9.95,1,82,815.9,
2025-03-06 00:00:00,9.5,10.0,0.5,5.0,10.0,8.9,11,3646,32930.65,
2025-03-05 00:00:00,9.99,9.5,-0.49,-5.16,9.99,9.5,5,1128,10777.26,
2025-02-28 00:00:00,9.99,9.99,0.0,0.0,9.99,9.99,1,27,269.73,
2025-02-27 00:00:00,10.0,9.99,-0.01,-0.1,10.0,9.99,8,1465,14647.55,
2025-02-26 00:00:00,10.0,10.0,0.0,0.0,10.0,10.0,7,4552,45520.0,
2025-02-24 00:00:00,10.0,10.0,0.0,0.0,10.0,10.0,1,40,400.0,
2025-02-21 00:00:00,10.0,10.0,0.0,0.0,10.0,9.8,9,2170,21680.36,
2025-02-20 00:00:00,10.0,10.0,0.0,0.0,10.0,10.0,2,5,50.0,
2025-02-19 00:00:00,10.0,10.0,0.0,0.0,10.42,9.7,6,5922,57694.96,
2025-02-18 00:00:00,10.4,10.0,-0.4,-4.0,10.4,10.0,7,800,8016.0,
2025-02-17 00:00:00,10.45,10.4,-0.05,-0.48,10.43,10.4,8,248,2582.56,
2025-02-14 00:00:00,10.45,10.45,0.0,0.0,10.45,10.45,1,50,522.5,
2025-02-13 00:00:00,9.5,10.45,0.95,9.09,10.78,9.0,7,5435,49576.54,
2025-02-12 00:00:00,10.79,9.5,-1.29,-13.58,10.8,9.5,9,11622,110678.0,
2025-02-10 00:00:00,10.79,10.79,0.0,0.0,10.8,10.8,1,54,583.2,
2025-02-06 00:00:00,10.79,10.79,0.0,0.0,10.8,10.78,2,60,647.7,
2025-02-05 00:00:00,10.79,10.79,0.0,0.0,10.8,10.8,2,25,270.0,
2025-02-04 00:00:00,10.75,10.79,0.04,0.37,10.8,10.75,9,521,5621.54,
2025-02-03 00:00:00,10.75,10.75,0.0,0.0,10.75,10.7,3,500,5371.5,
30-JAN-25,10.75,10.75,0.0,0.0,10.75,10.5,4,66,703.25,
29-JAN-25,10.75,10.75,0.0,0.0,10.75,10.75,1,26,279.5,
28-JAN-25,10.7,10.75,0.05,0.47,10.75,10.6,2,205,2193.25,
27-JAN-25,10.7,10.7,0.0,0.0,10.75,10.7,2,305,3264.5,
24-JAN-25,10.6,10.7,0.1,0.93,10.7,10.7,3,260,2782.0,
23-JAN-25,10.67,10.6,-0.07,-0.66,10.7,10.6,3,255,2703.5,
22-JAN-25,10.66,10.67,0.01,0.09,10.67,10.67,2,125,1333.75,
21-JAN-25,10.68,10.66,-0.02,-0.19,10.66,10.66,5,112,1193.92,
20-JAN-25,10.68,10.68,0.0,0.0,10.68,10.0,4,60,620.4,
17-JAN-25,10.68,10.68,0.0,0.0,10.68,10.68,2,35,373.8,
16-JAN-25,10.72,10.68,-0.04,-0.37,10.68,10.68,3,300,3204.0,
15-JAN-25,10.79,10.72,-0.07,-0.65,10.75,10.72,5,320,3435.2,
14-JAN-25,9.0,10.79,1.79,16.59,10.79,10.75,3,191,2058.85,
09-JAN-25,9.95,9.0,-0.95,-10.56,10.0,9.0,7,1544,15294.25,
08-JAN-25,9.9,9.95,0.05,0.5,9.95,9.95,3,115,1144.25,
07-JAN-25,9.9,9.9,0.0,0.0,9.92,9.9,7,720,7138.28,
03-JAN-25,9.9,9.9,0.0,0.0,9.92,9.92,3,26,257.92,
02-JAN-25,9.92,9.9,-0.02,-0.2,9.92,9.9,7,350,3468.35,
30-DEC-24,9.92,9.92,0.0,0.0,9.92,9.92,1,15,148.8,
27-DEC-24,9.93,9.92,-0.01,-0.1,9.93,9.9,5,1650,16352.1,
26-DEC-24,9.16,9.93,0.77,7.75,9.93,9.92,4,315,3127.8,
20-DEC-24,9.16,9.16,0.0,0.0,9.16,9.16,4,155,1419.8,
19-DEC-24,9.16,9.16,0.0,0.0,9.16,9.16,4,101,925.16,
18-DEC-24,9.16,9.16,0.0,0.0,9.16,9.16,1,10,91.6,
17-DEC-24,9.16,9.16,0.0,0.0,9.16,9.16,1,1,9.16,
16-DEC-24,9.16,9.16,0.0,0.0,9.16,9.15,4,437,3950.77,
12-DEC-24,9.16,9.16,0.0,0.0,9.17,9.17,2,25,229.25,
11-DEC-24,9.16,9.16,0.0,0.0,9.15,9.15,4,76,695.4,
10-DEC-24,9.16,9.16,0.0,0.0,0.0,0.0,1,537,4833.0,
09-DEC-24,9.17,9.16,-0.01,-0.11,9.16,9.16,5,576,5276.16,
06-DEC-24,9.17,9.17,0.0,0.0,9.17,9.17,1,40,366.8,
05-DEC-24,9.2,9.17,-0.03,-0.33,9.18,9.17,3,480,4404.75,
04-DEC-24,9.19,9.2,0.01,0.11,9.3,9.2,8,1609,14803.8,
02-DEC-24,9.19,9.19,0.0,0.0,9.15,9.0,4,41,372.15,
2024-11-29 00:00:00,9.2,9.19,-0.01,-0.11,9.35,9.19,3,486316,4474113.7,
2024-11-27 00:00:00,9.2,9.2,0.0,0.0,9.18,9.18,6,75,688.5,
2024-11-25 00:00:00,9.2,9.2,0.0,0.0,9.2,9.2,1,5,46.0,
2024-11-22 00:00:00,9.48,9.2,-0.28,-3.04,9.29,9.2,2,170,1570.3,
2024-11-21 00:00:00,9.48,9.48,0.0,0.0,9.39,9.39,2,90,845.1,
2024-11-20 00:00:00,9.48,9.48,0.0,0.0,9.0,9.0,1,15,135.0,
2024-11-19 00:00:00,9.54,9.48,-0.06,-0.63,9.53,8.0,9,505,4496.4,
2024-11-15 00:00:00,9.54,9.54,0.0,0.0,9.53,9.53,5,65,619.45,
2024-11-14 00:00:00,9.53,9.54,0.01,0.1,9.54,9.53,5,198,1888.44,
2024-11-13 00:00:00,9.65,9.53,-0.12,-1.26,9.53,9.53,5,164,1562.92,
2024-11-12 00:00:00,9.7,9.65,-0.05,-0.52,9.65,9.65,2,140,1351.0,
2024-11-11 00:00:00,9.7,9.7,0.0,0.0,9.7,9.5,2,45,430.5,
2024-11-08 00:00:00,9.7,9.7,0.0,0.0,9.7,9.69,3,295,2861.35,
2024-11-07 00:00:00,9.7,9.7,0.0,0.0,9.74,9.7,3,1105,10722.3,
2024-11-06 00:00:00,9.5,9.7,0.2,2.06,9.7,9.7,2,285,2764.5,
2024-11-05 00:00:00,9.5,9.5,0.0,0.0,9.75,9.7,4,80,779.5,
2024-11-01 00:00:00,8.55,9.5,0.95,10.0,9.5,9.3,4,1127,10493.1,
2024-10-31 00:00:00,8.55,8.55,0.0,0.0,9.3,9.3,2,68,632.4,
2024-10-29 00:00:00,8.55,8.55,0.0,0.0,9.3,9.3,2,11,102.3,
2024-10-28 00:00:00,8.5,8.55,0.05,0.58,9.55,8.5,4,542,4626.25,
2024-10-25 00:00:00,8.5,8.5,0.0,0.0,9.5,9.5,1,10,95.0,
2024-10-24 00:00:00,9.75,8.5,-1.25,-14.71,8.5,8.5,3,225,1912.5,
2024-10-23 00:00:00,9.75,9.75,0.0,0.0,9.7,9.69,3,29,281.29,
2024-10-22 00:00:00,8.65,9.75,1.1,11.28,10.0,9.75,5,267,2643.5,
2024-10-21 00:00:00,8.65,8.65,0.0,0.0,9.9,8.6,4,110,1001.9,
2024-10-18 00:00:00,8.65,8.65,0.0,0.0,8.6,8.6,3,25,215.0,
2024-10-17 00:00:00,8.65,8.65,0.0,0.0,8.6,8.6,1,5,43.0,
2024-10-16 00:00:00,8.65,8.65,0.0,0.0,8.6,8.6,1,20,172.0,
2024-10-15 00:00:00,8.65,8.65,0.0,0.0,8.63,8.6,3,126,1083.78,
2024-10-14 00:00:00,8.65,8.65,0.0,0.0,8.69,8.63,3,37,320.63,
2024-10-11 00:00:00,8.6,8.65,0.05,0.58,8.65,8.6,4,145,1253.0,
2024-10-09 00:00:00,8.6,8.6,0.0,0.0,8.6,8.55,3,65,558.0,
2024-10-08 00:00:00,8.6,8.6,0.0,0.0,8.54,8.44,2,73,619.42,
2024-10-07 00:00:00,8.69,8.6,-0.09,-1.05,8.64,8.6,8,476,4108.58,
2024-10-04 00:00:00,8.69,8.69,0.0,0.0,8.69,8.64,3,48,414.87,
2024-10-03 00:00:00,8.75,8.69,-0.06,-0.69,8.69,8.69,3,130,1129.7,
2024-10-02 00:00:00,8.75,8.75,0.0,0.0,8.65,8.5,2,117,996.45,
2024-10-01 00:00:00,8.8,8.75,-0.05,-0.57,8.75,8.75,5,279,2425.75,
2024-09-30 00:00:00,8.8,8.8,0.0,0.0,8.8,8.8,1,5,44.0,
2024-09-27 00:00:00,8.8,8.8,0.0,0.0,8.8,8.8,2,155,1364.0,
2024-09-26 00:00:00,8.75,8.8,0.05,0.57,8.95,8.8,3,233,2051.99,
2024-09-24 00:00:00,8.75,8.75,0.0,0.0,8.79,8.79,1,10,87.9,
2024-09-23 00:00:00,8.75,8.75,0.0,0.0,8.85,8.7,3,578,4641.1,
2024-09-20 00:00:00,8.75,8.75,0.0,0.0,8.75,8.75,2,78,682.5,
2024-09-19 00:00:00,8.75,8.75,0.0,0.0,8.6,8.6,2,41,352.6,
2024-09-17 00:00:00,8.95,8.75,-0.2,-2.29,8.98,8.75,4,280,2453.95,
2024-09-13 00:00:00,8.9,8.95,0.05,0.56,8.95,8.9,2,45,402.4,
2024-09-12 00:00:00,8.99,8.9,-0.09,-1.01,8.99,8.9,3,143,1282.15,
2024-09-11 00:00:00,8.99,8.99,0.0,0.0,8.99,8.99,3,20,179.8,
2024-09-10 00:00:00,8.99,8.99,0.0,0.0,8.99,8.99,3,42,377.58,
2024-09-09 00:00:00,8.99,8.99,0.0,0.0,8.99,8.99,4,57,512.43,
2024-09-06 00:00:00,8.98,8.99,0.01,0.11,8.99,8.99,1,67,602.33,
2024-09-05 00:00:00,8.75,8.98,0.23,2.56,8.98,8.98,3,757,6797.86,
2024-09-04 00:00:00,8.75,8.75,0.0,0.0,8.75,8.75,2,62,542.5,
2024-09-03 00:00:00,9.0,8.75,-0.25,-2.86,8.75,8.75,4,205,1793.75,
29-AUG-24,9.0,9.0,0.0,0.0,8.75,8.75,3,33,288.75,
27-AUG-24,9.0,9.0,0.0,0.0,9.0,9.0,2,12,108.0,
26-AUG-24,9.0,9.0,0.0,0.0,9.0,9.0,4,160,1440.0,
20-AUG-24,9.0,9.0,0.0,0.0,9.0,9.0,4,66,594.0,
16-AUG-24,9.0,9.0,0.0,0.0,9.0,9.0,5,65,585.0,
15-AUG-24,8.99,9.0,0.01,0.11,9.4,9.0,4,454,4093.6,
14-AUG-24,9.45,8.99,-0.46,-5.12,9.0,8.99,4,69,620.7,
12-AUG-24,9.45,9.45,0.0,0.0,9.45,9.33,2,19,178.47,
09-AUG-24,9.45,9.45,0.0,0.0,9.45,9.35,2,7,66.05,
08-AUG-24,10.0,9.45,-0.55,-5.82,10.0,9.45,6,168,1596.75,
06-AUG-24,9.5,10.0,0.5,5.0,10.0,10.0,2,42,420.0,
05-AUG-24,9.85,9.5,-0.35,-3.68,9.85,9.5,2,50,479.2,
02-AUG-24,10.0,9.85,-0.15,-1.52,9.85,9.85,2,104,1024.4,
01-AUG-24,10.0,10.0,0.0,0.0,9.5,9.5,1,10,95.0,
2024-07-31 00:00:00,10.0,10.0,0.0,0.0,10.0,10.0,2,34,340.0,
2024-07-29 00:00:00,10.0,10.0,0.0,0.0,10.0,10.0,1,2,20.0,
2024-07-26 00:00:00,8.4,10.0,1.6,16.0,10.0,9.95,3,346,3445.0,
2024-07-23 00:00:00,8.4,8.4,0.0,0.0,10.0,10.0,3,23,230.0,
2024-07-22 00:00:00,8.4,8.4,0.0,0.0,10.0,8.4,9,2570,23087.0,
2024-07-19 00:00:00,8.0,8.4,0.4,4.76,8.4,8.0,3,352,2828.8,
2024-07-18 00:00:00,7.49,8.0,0.51,6.38,8.95,7.49,8,1620,12153.5,
2024-07-17 00:00:00,7.49,7.49,0.0,0.0,7.49,7.49,6,1549,11602.01,
2024-07-16 00:00:00,7.5,7.49,-0.01,-0.13,7.49,7.49,2,101,756.49,
2024-07-15 00:00:00,6.99,7.5,0.51,6.8,7.5,7.0,7,1226,8607.0,
2024-07-12 00:00:00,6.5,6.99,0.49,7.01,7.0,6.0,11,779,5259.16,
2024-07-11 00:00:00,6.0,6.5,0.5,7.69,6.5,6.0,14,6404,38626.0,
2024-07-10 00:00:00,6.0,6.0,0.0,0.0,6.0,6.0,6,7344,44064.0,
2024-07-09 00:00:00,6.2,6.0,-0.2,-3.33,6.2,6.0,3,1472,8872.0,
2024-07-08 00:00:00,6.0,6.2,0.2,3.23,6.2,6.2,6,2266,14049.2,
2024-07-04 00:00:00,5.25,6.0,0.75,12.5,6.0,6.0,2,1905,11430.0,
2024-07-03 00:00:00,5.2,5.25,0.05,0.95,5.25,5.25,1,178,934.5,
2024-07-02 00:00:00,5.2,5.2,0.0,0.0,5.2,4.23,2,148,758.93,
2024-06-28 00:00:00,5.19,5.2,0.01,0.19,5.2,5.2,5,306,1591.2,
2024-06-27 00:00:00,5.2,5.19,-0.01,-0.19,5.2,5.15,4,254,1317.56,
2024-06-26 00:00:00,5.2,5.2,0.0,0.0,5.15,5.15,1,20,103.0,
2024-06-25 00:00:00,5.2,5.2,0.0,0.0,5.2,5.2,2,89,462.8,
2024-06-21 00:00:00,5.2,5.2,0.0,0.0,5.2,5.2,2,150,780.0,
2024-06-20 00:00:00,5.0,5.2,0.2,3.85,5.2,5.19,2,115,597.85,
2024-06-19 00:00:00,5.0,5.0,0.0,0.0,5.2,5.0,2,533,2671.6,
2024-06-18 00:00:00,4.9,5.0,0.1,2.0,5.0,5.0,4,1000,5000.0,
2024-06-14 00:00:00,4.9,4.9,0.0,0.0,5.85,5.85,1,10,58.5,
2024-06-10 00:00:00,5.69,4.9,-0.79,-16.12,5.95,4.9,2,175,910.0,
2024-06-05 00:00:00,5.69,5.69,0.0,0.0,5.5,5.5,1,19,104.5,
2024-06-04 00:00:00,5.69,5.69,0.0,0.0,5.99,5.99,1,11,65.89,
2024-05-31 00:00:00,5.69,5.69,0.0,0.0,5.69,5.69,2,32,182.08,
2024-05-30 00:00:00,5.55,5.69,0.14,2.46,5.69,5.69,2,905,5149.45,
2024-05-28 00:00:00,5.55,5.55,0.0,0.0,5.69,5.69,2,48,273.12,
2024-05-27 00:00:00,5.55,5.55,0.0,0.0,5.69,5.69,2,60,341.4,
2024-05-23 00:00:00,5.01,5.55,0.54,9.73,5.69,5.55,5,163,906.61,
2024-05-22 00:00:00,5.01,5.01,0.0,0.0,5.55,5.55,1,12,66.6,
2024-05-21 00:00:00,5.55,5.01,-0.54,-10.78,5.01,5.01,1,437,2189.37,
2024-05-20 00:00:00,5.55,5.55,0.0,0.0,5.6,5.6,2,53,296.8,
2024-05-16 00:00:00,5.55,5.55,0.0,0.0,5.0,5.0,1,15,75.0,
2024-05-14 00:00:00,5.55,5.55,0.0,0.0,5.55,5.55,1,400,2220.0,
2024-05-08 00:00:00,5.55,5.55,0.0,0.0,6.0,6.0,1,3,18.0,
2024-05-07 00:00:00,5.55,5.55,0.0,0.0,6.5,6.5,1,20,130.0,
2024-05-06 00:00:00,5.55,5.55,0.0,0.0,5.55,5.55,1,49,271.95,
2024-05-03 00:00:00,5.59,5.55,-0.04,-0.72,5.59,4.5,5,346,1905.3,
2024-05-02 00:00:00,5.59,5.59,0.0,0.0,5.59,5.59,1,10,55.9,
30-APR-24,5.59,5.59,0.0,0.0,5.59,5.59,1,200,1118.0,
29-APR-24,5.6,5.59,-0.01,-0.18,5.6,5.59,4,1176,6584.64,
26-APR-24,5.6,5.6,0.0,0.0,5.6,5.6,6,382,2139.2,
25-APR-24,5.4,5.6,0.2,3.57,5.64,5.6,3,214,1198.96,
24-APR-24,5.4,5.4,0.0,0.0,5.4,5.4,3,220,1188.0,
23-APR-24,5.4,5.4,0.0,0.0,5.4,5.4,2,90,486.0,
22-APR-24,5.4,5.4,0.0,0.0,5.4,5.4,1,85,459.0,
17-APR-24,5.4,5.4,0.0,0.0,5.4,5.4,1,20,108.0,
16-APR-24,5.4,5.4,0.0,0.0,5.4,5.4,1,18,97.2,
12-APR-24,5.4,5.4,0.0,0.0,5.4,5.4,4,676,3650.4,
11-APR-24,5.38,5.4,0.02,0.37,5.4,5.4,2,120,648.0,
10-APR-24,5.5,5.38,-0.12,-2.23,5.38,4.41,2,90,464.8,
09-APR-24,5.5,5.5,0.0,0.0,5.5,5.5,2,230,1265.0,
08-APR-24,5.5,5.5,0.0,0.0,5.0,5.0,1,60,300.0,
05-APR-24,5.8,5.5,-0.3,-5.45,5.59,5.5,4,265,1457.86,
01-APR-24,5.44,5.8,0.36,6.21,5.8,5.8,1,180,1044.0,
2024-03-27 00:00:00,5.35,5.44,0.09,1.65,5.44,5.44,2,200,1088.0,
2024-03-25 00:00:00,5.45,5.35,-0.1,-1.87,5.35,5.35,1,200,1070.0,
2024-03-20 00:00:00,5.45,5.45,0.0,0.0,5.45,5.45,1,10,54.5,
2024-03-18 00:00:00,5.45,5.45,0.0,0.0,5.45,5.45,2,179,975.55,
2024-03-15 00:00:00,5.69,5.45,-0.24,-4.4,5.5,5.45,4,293,1606.4,
2024-03-11 00:00:00,5.7,5.69,-0.01,-0.18,5.69,5.69,1,298,1695.62,
2024-03-08 00:00:00,4.95,5.7,0.75,13.16,5.7,5.7,2,460,2622.0,
2024-03-07 00:00:00,4.16,4.95,0.79,15.96,4.95,4.95,1,100,495.0,
2024-03-06 00:00:00,5.0,4.16,-0.84,-20.19,4.99,4.16,3,260,1212.0,
2024-03-05 00:00:00,5.79,5.0,-0.79,-15.8,5.0,4.99,5,730,3649.85,
2024-03-04 00:00:00,5.79,5.79,0.0,0.0,5.7,5.7,1,40,228.0,
2024-03-01 00:00:00,5.79,5.79,0.0,0.0,5.7,5.7,1,4,22.8,
2024-02-29 00:00:00,5.88,5.79,-0.09,-1.55,5.79,5.79,1,100,579.0,
2024-02-27 00:00:00,5.88,5.88,0.0,0.0,5.88,5.88,2,201,1181.88,
2024-02-26 00:00:00,5.85,5.88,0.03,0.51,5.88,4.85,3,140,792.3,
2024-02-23 00:00:00,5.87,5.85,-0.02,-0.34,5.88,5.85,2,100,585.15,
2024-02-21 00:00:00,5.87,5.87,0.0,0.0,5.5,5.5,2,50,275.0,
2024-02-19 00:00:00,5.88,5.87,-0.01,-0.17,5.87,5.87,2,100,587.0,
2024-02-16 00:00:00,5.89,5.88,-0.01,-0.17,5.88,5.88,1,100,588.0,
2024-02-15 00:00:00,5.89,5.89,0.0,0.0,5.89,5.89,2,170,1001.3,
2024-02-14 00:00:00,5.98,5.89,-0.09,-1.53,5.89,5.89,1,171,1007.19,
2024-02-09 00:00:00,5.98,5.98,0.0,0.0,5.97,5.97,2,55,328.35,
2024-02-07 00:00:00,5.6,5.98,0.38,6.35,5.98,5.9,6,1111,6629.86,
2024-02-06 00:00:00,5.89,5.6,-0.29,-5.18,5.6,5.6,3,217,1215.2,
2024-02-05 00:00:00,5.98,5.89,-0.09,-1.53,5.89,5.89,2,130,765.7,
2024-02-02 00:00:00,5.95,5.98,0.03,0.5,5.98,5.98,2,143,855.14,
2024-02-01 00:00:00,5.95,5.95,0.0,0.0,5.98,5.98,1,30,179.4,
31-JAN-24,5.95,5.95,0.0,0.0,5.95,5.9,6,803,4776.85,
30-JAN-24,5.99,5.95,-0.04,-0.67,5.95,5.0,6,770,4012.68,
29-JAN-24,5.6,5.99,0.39,6.51,5.99,4.85,3,110,624.7,
26-JAN-24,5.6,5.6,0.0,0.0,5.6,5.6,3,403,2256.8,
25-JAN-24,5.6,5.6,0.0,0.0,5.9,5.9,1,47,277.3,
24-JAN-24,5.68,5.6,-0.08,-1.43,5.68,5.6,2,100,560.8,
23-JAN-24,5.68,5.68,0.0,0.0,5.6,5.6,1,13,72.8,
22-JAN-24,5.68,5.68,0.0,0.0,5.6,5.6,1,10,56.0,
19-JAN-24,5.68,5.68,0.0,0.0,5.68,5.67,4,131,743.94,
18-JAN-24,5.7,5.68,-0.02,-0.35,5.69,5.6,6,145,820.12,
17-JAN-24,5.0,5.7,0.7,12.28,5.7,5.7,2,275,1567.5,
15-JAN-24,5.0,5.0,0.0,0.0,5.99,5.0,4,19,109.83,
12-JAN-24,4.77,5.0,0.23,4.6,5.7,5.0,2,284,1422.1,
11-JAN-24,4.77,4.77,0.0,0.0,5.7,5.7,2,33,188.1,
09-JAN-24,4.77,4.77,0.0,0.0,5.7,5.7,1,51,290.7,
08-JAN-24,4.77,4.77,0.0,0.0,5.7,5.7,1,5,28.5,
05-JAN-24,3.99,4.77,0.78,16.35,4.77,4.12,6,263,1223.73,
04-JAN-24,3.99,3.99,0.0,0.0,4.12,4.0,4,95,388.6,
02-JAN-24,3.99,3.99,0.0,0.0,4.1,4.1,1,39,159.9,
29-DEC-23,3.99,3.99,0.0,0.0,4.0,3.99,6,538,2147.17,
28-DEC-23,3.8,3.99,0.19,4.76,3.99,3.99,3,266,1061.34,
21-DEC-23,3.8,3.8,0.0,0.0,3.99,3.99,1,10,39.9,
20-DEC-23,3.8,3.8,0.0,0.0,3.99,3.99,1,12,47.88,
19-DEC-23,3.8,3.8,0.0,0.0,3.99,3.99,1,10,39.9,
18-DEC-23,3.8,3.8,0.0,0.0,3.8,3.8,2,160,608.0,
12-DEC-23,3.8,3.8,0.0,0.0,4.0,4.0,1,8,32.0,
08-DEC-23,3.96,3.8,-0.16,-4.21,3.8,3.8,1,125,475.0,
07-DEC-23,3.89,3.96,0.07,1.77,3.96,3.9,6,170,669.72,
06-DEC-23,3.88,3.89,0.01,0.26,3.9,3.89,2,112,435.8,
05-DEC-23,3.88,3.88,0.0,0.0,3.9,3.9,1,5,19.5,
04-DEC-23,3.88,3.88,0.0,0.0,3.88,3.88,3,138,535.44,
01-DEC-23,3.79,3.88,0.09,2.32,3.89,3.5,6,431,1577.4,
2023-11-30 00:00:00,3.79,3.79,0.0,0.0,3.79,3.79,1,100,379.0,
2023-11-29 00:00:00,3.79,3.79,0.0,0.0,3.79,3.78,3,277,1049.81,
2023-11-28 00:00:00,4.08,3.79,-0.29,-7.65,3.88,3.79,3,245,930.35,
2023-11-23 00:00:00,4.08,4.08,0.0,0.0,3.95,3.95,1,43,169.85,
2023-11-22 00:00:00,4.08,4.08,0.0,0.0,3.95,3.95,1,30,118.5,
2023-11-21 00:00:00,4.08,4.08,0.0,0.0,3.98,3.98,1,11,43.78,
2023-11-17 00:00:00,4.14,4.08,-0.06,-1.47,4.14,4.0,4,567,2280.32,
2023-11-16 00:00:00,4.14,4.14,0.0,0.0,4.14,4.14,1,20,82.8,
2023-11-15 00:00:00,4.14,4.14,0.0,0.0,4.14,4.14,2,40,165.6,
2023-11-14 00:00:00,4.14,4.14,0.0,0.0,4.14,4.14,1,50,207.0,
2023-11-13 00:00:00,4.15,4.14,-0.01,-0.24,4.14,4.14,2,171,707.94,
2023-11-07 00:00:00,3.5,4.15,0.65,15.66,4.19,4.15,4,550,2300.5,
2023-11-02 00:00:00,3.5,3.5,0.0,0.0,4.0,3.99,3,80,319.92,
2023-10-26 00:00:00,3.5,3.5,0.0,0.0,4.0,3.9,2,100,396.0,
2023-10-25 00:00:00,3.5,3.5,0.0,0.0,3.55,3.5,3,3414,11954.5,
2023-10-24 00:00:00,3.8,3.5,-0.3,-8.57,3.5,3.5,2,142,497.0,
2023-10-23 00:00:00,2.73,3.8,1.07,28.16,3.8,2.74,16,30848,85777.5,
2023-10-20 00:00:00,2.73,2.73,0.0,0.0,2.74,2.4,4,133,361.02,
2023-10-19 00:00:00,2.7,2.73,0.03,1.1,2.74,2.73,3,1090,2976.6,
2023-10-17 00:00:00,2.74,2.7,-0.04,-1.48,2.7,2.7,1,500,1350.0,
2023-10-16 00:00:00,2.74,2.74,0.0,0.0,2.74,2.74,2,257,704.18,
2023-10-13 00:00:00,2.74,2.74,0.0,0.0,2.74,2.74,1,5,13.7,
2023-10-09 00:00:00,2.81,2.74,-0.07,-2.55,2.74,2.7,3,523,1429.02,
2023-10-06 00:00:00,2.81,2.81,0.0,0.0,2.7,2.7,2,10,27.0,
2023-10-05 00:00:00,2.81,2.81,0.0,0.0,2.7,2.7,1,75,202.5,
2023-10-04 00:00:00,2.81,2.81,0.0,0.0,2.74,2.74,1,100,274.0,
2023-10-03 00:00:00,2.81,2.81,0.0,0.0,2.65,2.65,1,10,26.5,
2023-10-02 00:00:00,2.81,2.81,0.0,0.0,2.7,2.7,2,125,337.5,
2023-09-28 00:00:00,2.81,2.81,0.0,0.0,2.78,2.75,2,14,38.8,
2023-09-27 00:00:00,2.81,2.81,0.0,0.0,2.79,2.79,1,10,27.9,
2023-09-26 00:00:00,2.81,2.81,0.0,0.0,2.8,2.8,1,107,299.6,
2023-09-19 00:00:00,2.81,2.81,0.0,0.0,2.8,2.8,1,39,109.2,
2023-09-18 00:00:00,2.81,2.81,0.0,0.0,2.8,2.8,2,69,193.2,
2023-09-15 00:00:00,2.8,2.81,0.01,0.36,2.81,2.81,1,5,14.05,
2023-09-14 00:00:00,2.8,2.8,0.0,0.0,2.8,2.8,2,250,700.0,
2023-09-13 00:00:00,2.51,2.8,0.29,10.36,2.8,2.8,1,7,19.6,
2023-09-12 00:00:00,2.81,2.51,-0.3,-11.95,2.81,2.5,3,515,1294.65,
2023-09-08 00:00:00,2.5,2.81,0.31,11.03,2.81,2.81,1,6,16.86,
2023-09-07 00:00:00,2.99,2.5,-0.49,-19.6,2.5,2.5,1,129,322.5,
2023-09-05 00:00:00,2.99,2.99,0.0,0.0,2.99,2.99,3,71,212.29,
2023-09-04 00:00:00,2.81,2.99,0.18,6.02,2.99,2.99,1,7,20.93,
30-AUG-23,2.81,2.81,0.0,0.0,0.0,0.0,1,100,320.0,
28-AUG-23,2.81,2.81,0.0,0.0,2.83,2.81,5,765,2156.36,
25-AUG-23,3.5,2.81,-0.69,-24.56,2.81,2.81,1,10,28.1,
24-AUG-23,3.5,3.5,0.0,0.0,3.5,3.5,2,89,311.5,
22-AUG-23,3.5,3.5,0.0,0.0,3.5,3.5,1,25,87.5,
15-AUG-23,3.5,3.5,0.0,0.0,3.5,3.5,1,15,52.5,
11-AUG-23,3.55,3.5,-0.05,-1.43,3.5,3.5,1,200,700.0,
10-AUG-23,3.35,3.55,0.2,5.63,3.55,3.55,2,60,213.0,
08-AUG-23,3.35,3.35,0.0,0.0,3.35,3.35,2,143,479.05,
07-AUG-23,3.17,3.35,0.18,5.37,3.35,3.35,1,10,33.5,
02-AUG-23,3.17,3.17,0.0,0.0,3.17,3.17,3,1005,3185.85,
01-AUG-23,2.65,3.17,0.52,16.4,3.17,3.17,1,10,31.7,
2023-07-26 00:00:00,3.1,2.65,-0.45,-16.98,2.65,2.65,1,50,132.5,
2023-07-19 00:00:00,3.26,3.1,-0.16,-5.16,3.26,3.1,2,101,314.7,
2023-07-18 00:00:00,3.0,3.26,0.26,7.98,3.26,3.26,1,107,348.82,
2023-07-12 00:00:00,3.0,3.0,0.0,0.0,3.0,3.0,1,10,30.0,
2023-07-11 00:00:00,3.0,3.0,0.0,0.0,3.0,3.0,1,5,15.0,
2023-07-10 00:00:00,3.7,3.0,-0.7,-23.33,3.01,3.0,2,250,751.5,
2023-07-06 00:00:00,3.76,3.7,-0.06,-1.62,3.7,3.7,2,62,229.4,
2023-07-04 00:00:00,3.76,3.76,0.0,0.0,3.76,3.76,2,142,533.92,
2023-06-29 00:00:00,3.65,3.76,0.11,2.93,3.76,3.76,1,2,7.52,
2023-06-27 00:00:00,3.65,3.65,0.0,0.0,3.65,3.65,1,6,21.9,
2023-06-26 00:00:00,3.65,3.65,0.0,0.0,3.65,3.65,1,7,25.55,
2023-06-21 00:00:00,3.4,3.65,0.25,6.85,3.65,3.65,1,2,7.3,
2023-06-20 00:00:00,3.4,3.4,0.0,0.0,3.65,3.4,2,54,190.35,
2023-06-15 00:00:00,3.4,3.4,0.0,0.0,0.0,0.0,1,100,340.0,
2023-06-14 00:00:00,3.15,3.4,0.25,7.35,3.4,3.4,4,54,183.6,
2023-06-13 00:00:00,3.15,3.15,0.0,0.0,3.15,3.15,1,10,31.5,
2023-06-06 00:00:00,3.15,3.15,0.0,0.0,3.15,3.15,2,124,390.6,
2023-06-05 00:00:00,3.15,3.15,0.0,0.0,3.15,3.1,3,45,141.3,
2023-06-02 00:00:00,2.93,3.15,0.22,6.98,3.15,3.15,1,10,31.5,
2023-05-29 00:00:00,2.93,2.93,0.0,0.0,2.93,2.93,1,100,293.0,
2023-05-26 00:00:00,2.7,2.93,0.23,7.85,2.93,2.82,3,625,1795.5,
2023-05-25 00:00:00,2.7,2.7,0.0,0.0,2.7,2.7,1,10,27.0,
2023-05-24 00:00:00,2.7,2.7,0.0,0.0,2.7,2.7,2,100,270.0,
2023-05-23 00:00:00,2.7,2.7,0.0,0.0,2.7,2.7,1,4,10.8,
2023-05-19 00:00:00,2.7,2.7,0.0,0.0,2.7,2.7,1,10,27.0,
2023-05-17 00:00:00,2.7,2.7,0.0,0.0,2.7,2.7,1,100,270.0,
2023-05-16 00:00:00,2.5,2.7,0.2,7.41,2.7,2.5,2,17,42.7,
2023-05-15 00:00:00,2.1,2.5,0.4,16.0,2.5,2.5,3,328,820.0,
2023-05-09 00:00:00,2.0,2.1,0.1,4.76,2.1,2.09,4,229,479.75,
2023-05-08 00:00:00,2.19,2.0,-0.19,-9.5,2.24,2.0,6,70,153.56,
2023-05-05 00:00:00,2.15,2.19,0.04,1.83,2.19,2.1,2,580,1263.0,
2023-05-04 00:00:00,2.19,2.15,-0.04,-1.86,2.19,2.15,3,149,321.23,
2023-05-03 00:00:00,2.36,2.19,-0.17,-7.76,2.19,2.19,1,5,10.95,
28-APR-23,2.0,2.36,0.36,15.25,2.36,2.0,6,378,793.49,
27-APR-23,2.05,2.0,-0.05,-2.5,2.39,2.0,5,470,955.21,
26-APR-23,2.05,2.05,0.0,0.0,2.06,2.05,2,88,180.78,
25-APR-23,2.39,2.05,-0.34,-16.59,2.39,2.05,3,654,1393.06,
24-APR-23,2.55,2.39,-0.16,-6.69,2.39,2.39,2,83,198.37,
20-APR-23,2.5,2.55,0.05,1.96,2.55,2.55,2,91,232.05,
18-APR-23,2.77,2.5,-0.27,-10.8,2.5,2.5,1,10,25.0,
12-APR-23,2.33,2.77,0.44,15.88,2.77,2.77,2,14,38.78,
11-APR-23,2.33,2.33,0.0,0.0,2.33,2.33,2,119,277.27,
10-APR-23,2.09,2.33,0.24,10.3,2.33,2.33,1,10,23.3,
05-APR-23,1.75,2.09,0.34,16.27,2.09,2.09,1,7,14.63,
03-APR-23,1.85,1.75,-0.1,-5.71,2.14,1.75,3,860,1512.75,
2023-03-31 00:00:00,2.25,1.85,-0.4,-21.62,2.35,1.85,3,1082,2083.5,
2023-03-30 00:00:00,2.39,2.25,-0.14,-6.22,2.25,2.25,1,10,22.5,
2023-03-29 00:00:00,2.42,2.39,-0.03,-1.26,2.39,2.39,1,83,198.37,
2023-03-28 00:00:00,2.22,2.42,0.2,8.26,2.42,2.42,3,25,60.5,
2023-03-27 00:00:00,1.85,2.22,0.37,16.67,2.22,2.21,2,18,39.85,
2023-03-22 00:00:00,2.23,1.85,-0.38,-20.54,2.18,1.85,5,1369,2794.92,
2023-03-21 00:00:00,2.23,2.23,0.0,0.0,2.23,2.23,1,20,44.6,
2023-03-20 00:00:00,2.25,2.23,-0.02,-0.9,2.24,2.23,2,23,51.37,
2023-03-17 00:00:00,2.25,2.25,0.0,0.0,2.25,2.25,1,19,42.75,
2023-03-16 00:00:00,2.25,2.25,0.0,0.0,2.25,2.25,1,7,15.75,
2023-03-13 00:00:00,2.29,2.25,-0.04,-1.78,2.29,2.25,3,174,394.94,
2023-03-10 00:00:00,2.35,2.29,-0.06,-2.62,2.29,2.29,1,5,11.45,
2023-03-07 00:00:00,2.05,2.35,0.3,12.77,2.35,2.35,1,7,16.45,
2023-03-06 00:00:00,2.05,2.05,0.0,0.0,2.05,2.05,1,60,123.0,
2023-03-03 00:00:00,1.9,2.05,0.15,7.32,2.05,2.05,3,85,174.25,
2023-02-23 00:00:00,1.89,1.9,0.01,0.53,1.9,1.89,4,1853,3509.4,
2023-02-22 00:00:00,1.89,1.89,0.0,0.0,1.89,1.89,1,7,13.23,
2023-02-17 00:00:00,1.8,1.89,0.09,4.76,1.89,1.89,1,10,18.9,
2023-02-16 00:00:00,1.7,1.8,0.1,5.56,1.8,1.7,2,106,189.3,
2023-02-15 00:00:00,1.6,1.7,0.1,5.88,1.7,1.7,4,1200,2040.0,
2023-02-14 00:00:00,1.59,1.6,0.01,0.63,1.6,1.58,10,3444,5484.47,
2023-02-13 00:00:00,1.59,1.59,0.0,0.0,1.59,1.59,3,253,402.27,
2023-02-10 00:00:00,1.59,1.59,0.0,0.0,1.59,1.59,3,198,314.82,
2023-02-09 00:00:00,1.53,1.59,0.06,3.77,1.6,1.59,2,143,227.41,
2023-02-08 00:00:00,1.38,1.53,0.15,9.8,1.53,1.43,4,3600,5328.0,
2023-02-07 00:00:00,1.3,1.38,0.08,5.8,0.0,0.0,10,3581,4799.3,
2023-02-06 00:00:00,1.05,1.05,0.0,0.0,0.0,0.0,1,19,24.7,
2023-02-03 00:00:00,1.05,1.05,0.0,0.0,0.0,0.0,5,1200,1512.0,
2023-02-02 00:00:00,1.05,1.05,0.0,0.0,0.0,0.0,6,3356,3969.84,
2023-02-01 00:00:00,1.05,1.05,0.0,0.0,0.0,0.0,2,34,38.76,
31-JAN-23,1.05,1.05,0.0,0.0,0.0,0.0,2,212,241.5,
30-JAN-23,1.05,1.05,0.0,0.0,0.0,0.0,3,207,217.35,
23-JAN-23,1.08,1.05,-0.03,-2.86,1.05,1.05,1,1900,1995.0,
12-JAN-23,1.1,1.08,-0.02,-1.85,1.08,1.08,1,20,21.6,
11-JAN-23,1.1,1.1,0.0,0.0,1.1,1.1,3,70,77.0,
10-JAN-23,0.92,1.1,0.18,16.36,1.1,0.92,4,890,857.06,
30-DEC-22,0.92,0.92,0.0,0.0,0.92,0.92,2,110,100.98,
28-DEC-22,0.92,0.92,0.0,0.0,0.92,0.92,1,50,45.9,
23-DEC-22,0.92,0.92,0.0,0.0,0.92,0.92,1,30,27.54,
20-DEC-22,0.92,0.92,0.0,0.0,0.92,0.92,3,690,632.24,
19-DEC-22,0.92,0.92,0.0,0.0,0.92,0.92,1,20,18.32,
16-DEC-22,0.91,0.92,0.01,1.09,0.92,0.91,2,730,667.6,
15-DEC-22,0.91,0.91,0.0,0.0,0.91,0.91,1,100,91.4,
14-DEC-22,0.86,0.91,0.05,5.49,0.91,0.91,1,160,146.24,
13-DEC-22,0.86,0.86,0.0,0.0,0.0,0.0,1,2440,2093.52,
02-DEC-22,0.84,0.86,0.02,2.33,0.86,0.85,4,2400,2052.8,
2022-11-30 00:00:00,0.83,0.84,0.01,1.19,0.84,0.83,5,10270,8569.98,
2022-11-29 00:00:00,0.83,0.83,0.0,0.0,0.83,0.83,7,13130,10950.42,
2022-11-28 00:00:00,0.83,0.83,0.0,0.0,0.83,0.83,3,2050,1709.7,
2022-11-25 00:00:00,0.82,0.83,0.01,1.2,0.83,0.83,3,800,667.2,
2022-11-24 00:00:00,0.81,0.82,0.01,1.22,0.82,0.81,4,2350,1899.9,
2022-11-23 00:00:00,0.8,0.81,0.01,1.23,0.81,0.81,3,5740,4592.9,
2022-11-22 00:00:00,0.8,0.8,0.0,0.0,0.8,0.8,2,680,545.8,
2022-11-17 00:00:00,0.8,0.8,0.0,0.0,0.8,0.8,2,400,321.6,
2022-11-15 00:00:00,0.8,0.8,0.0,0.0,0.8,0.8,1,50,40.2,
2022-11-14 00:00:00,0.8,0.8,0.0,0.0,0.8,0.8,3,1900,1525.2,
2022-11-09 00:00:00,0.8,0.8,0.0,0.0,0.8,0.8,1,400,320.8,
2022-11-08 00:00:00,0.75,0.8,0.05,6.25,0.8,0.8,2,230,184.0,
2022-11-03 00:00:00,0.7,0.75,0.05,6.67,0.75,0.75,1,30,22.5,
2022-10-21 00:00:00,0.7,0.7,0.0,0.0,0.7,0.7,1,90,63.0,
2022-10-17 00:00:00,0.68,0.7,0.02,2.86,0.7,0.7,2,1330,931.0,
2022-10-14 00:00:00,0.7,0.68,-0.02,-2.94,0.68,0.68,3,320,217.6,
2022-10-11 00:00:00,0.7,0.7,0.0,0.0,0.7,0.7,1,20,14.0,
2022-10-07 00:00:00,0.7,0.7,0.0,0.0,0.7,0.7,3,870,609.0,
2022-10-04 00:00:00,0.7,0.7,0.0,0.0,0.7,0.7,1,70,49.0,
2022-09-28 00:00:00,0.75,0.7,-0.05,-7.14,0.7,0.7,1,380,266.0,
2022-09-27 00:00:00,0.8,0.75,-0.05,-6.67,0.75,0.75,1,140,105.0,
2022-09-23 00:00:00,0.8,0.8,0.0,0.0,0.8,0.8,2,1000,800.0,
2022-09-20 00:00:00,0.8,0.8,0.0,0.0,0.8,0.8,1,150,120.0,
2022-09-19 00:00:00,0.8,0.8,0.0,0.0,0.8,0.8,3,450,360.0,
2022-09-16 00:00:00,0.75,0.8,0.05,6.25,0.8,0.8,1,10,8.0,
2022-09-15 00:00:00,0.75,0.75,0.0,0.0,0.75,0.75,2,500,375.0,
2022-09-13 00:00:00,0.75,0.75,0.0,0.0,0.8,0.75,4,2120,1591.5,
2022-09-09 00:00:00,0.75,0.75,0.0,0.0,0.75,0.75,1,10,7.5,
2022-09-08 00:00:00,0.8,0.75,-0.05,-6.67,0.75,0.75,2,500,375.0,
2022-09-06 00:00:00,0.8,0.8,0.0,0.0,0.8,0.8,4,4890,3912.0,
2022-09-02 00:00:00,0.8,0.8,0.0,0.0,0.8,0.8,3,5540,4432.0,
2022-09-01 00:00:00,0.8,0.8,0.0,0.0,0.8,0.8,1,80,64.0,
29-AUG-22,0.9,0.8,-0.1,-12.5,0.8,0.8,3,1530,1224.0,
26-AUG-22,0.8,0.9,0.1,11.11,0.9,0.9,1,650,584.35,
25-AUG-22,0.67,0.8,0.13,16.25,0.8,0.8,4,4000,3200.0,
24-AUG-22,0.66,0.67,0.01,1.49,0.67,0.66,11,8610,5725.39,
23-AUG-22,0.66,0.66,0.0,0.0,0.66,0.66,1,400,263.6,
22-AUG-22,0.66,0.66,0.0,0.0,0.0,0.0,1,4300,2816.5,
18-AUG-22,0.66,0.66,0.0,0.0,0.66,0.65,2,450,294.55,
17-AUG-22,0.66,0.66,0.0,0.0,0.66,0.66,3,1090,719.4,
11-AUG-22,0.66,0.66,0.0,0.0,0.66,0.66,1,250,165.0,
05-AUG-22,0.67,0.66,-0.01,-1.52,0.66,0.66,2,150,98.97,
02-AUG-22,0.67,0.67,0.0,0.0,0.67,0.67,2,310,206.15,
2022-07-29 00:00:00,0.67,0.67,0.0,0.0,0.67,0.66,2,120,79.64,
2022-07-28 00:00:00,0.67,0.67,0.0,0.0,0.67,0.67,1,700,465.5,
2022-07-26 00:00:00,0.66,0.67,0.01,1.49,0.67,0.66,4,2820,1875.14,
2022-07-25 00:00:00,0.66,0.66,0.0,0.0,0.66,0.66,1,1000,662.0,
2022-07-22 00:00:00,0.66,0.66,0.0,0.0,0.66,0.66,1,2000,1324.0,
2022-07-21 00:00:00,0.66,0.66,0.0,0.0,0.66,0.66,1,60,39.84,
2022-07-20 00:00:00,0.66,0.66,0.0,0.0,0.66,0.66,2,3010,1986.6,
2022-07-19 00:00:00,0.66,0.66,0.0,0.0,0.66,0.66,3,4260,2811.6,
2022-07-18 00:00:00,0.66,0.66,0.0,0.0,0.66,0.66,2,30,19.8,
2022-07-15 00:00:00,0.66,0.66,0.0,0.0,0.66,0.66,5,3940,2616.16,
2022-07-14 00:00:00,0.66,0.66,0.0,0.0,0.66,0.66,4,4600,3043.72,
2022-07-13 00:00:00,0.66,0.66,0.0,0.0,0.66,0.66,3,10620,7009.2,
2022-07-12 00:00:00,0.66,0.66,0.0,0.0,0.66,0.66,1,5000,3300.0,
2022-07-11 00:00:00,0.66,0.66,0.0,0.0,0.66,0.66,4,2270,1498.32,
2022-07-08 00:00:00,0.66,0.66,0.0,0.0,0.66,0.66,4,1560,1027.15,
2022-07-06 00:00:00,0.66,0.66,0.0,0.0,0.66,0.66,5,2480,1624.4,
2022-07-01 00:00:00,0.66,0.66,0.0,0.0,0.66,0.66,1,10,6.55,
2022-06-30 00:00:00,0.64,0.66,0.02,3.03,0.66,0.64,12,6300,4034.8,
2022-06-28 00:00:00,0.63,0.64,0.01,1.56,0.64,0.63,7,2160,1367.52,
2022-06-27 00:00:00,0.63,0.63,0.0,0.0,0.63,0.63,5,3380,2121.56,
2022-06-23 00:00:00,0.63,0.63,0.0,0.0,0.63,0.63,7,3550,2227.6,
2022-06-22 00:00:00,0.64,0.63,-0.01,-1.59,0.63,0.63,2,430,270.9,
2022-06-21 00:00:00,0.64,0.64,0.0,0.0,0.64,0.64,5,6470,4112.92,
2022-06-17 00:00:00,0.63,0.64,0.01,1.56,0.64,0.64,2,520,330.72,
2022-06-15 00:00:00,0.64,0.63,-0.01,-1.59,0.64,0.63,4,580,363.8,
2022-06-14 00:00:00,0.64,0.64,0.0,0.0,0.64,0.64,1,50,31.75,
2022-06-10 00:00:00,0.64,0.64,0.0,0.0,0.64,0.64,1,300,190.8,
2022-06-09 00:00:00,0.64,0.64,0.0,0.0,0.64,0.64,2,850,540.6,
2022-06-08 00:00:00,0.64,0.64,0.0,0.0,0.64,0.64,10,2130,1355.55,
2022-06-07 00:00:00,0.64,0.64,0.0,0.0,0.64,0.64,2,270,171.72,
2022-06-06 00:00:00,0.64,0.64,0.0,0.0,0.64,0.64,3,5780,3681.81,
2022-06-03 00:00:00,0.64,0.64,0.0,0.0,0.64,0.64,3,240,152.74,
2022-06-01 00:00:00,0.64,0.64,0.0,0.0,0.64,0.64,1,50,31.85,
2022-05-31 00:00:00,0.64,0.64,0.0,0.0,0.64,0.64,1,20,12.74,
2022-05-27 00:00:00,0.64,0.64,0.0,0.0,0.64,0.64,1,400,254.8,
2022-05-26 00:00:00,0.64,0.64,0.0,0.0,0.64,0.64,3,550,350.15,
2022-05-23 00:00:00,0.64,0.64,0.0,0.0,0.0,0.0,1,90,55.35,
2022-05-20 00:00:00,0.64,0.64,0.0,0.0,0.64,0.62,4,340,210.2,
2022-05-19 00:00:00,0.64,0.64,0.0,0.0,0.0,0.0,1,380,233.7,
2022-05-16 00:00:00,0.64,0.64,0.0,0.0,0.64,0.64,3,330,210.21,
2022-05-13 00:00:00,0.64,0.64,0.0,0.0,0.64,0.64,1,20,12.78,
2022-05-05 00:00:00,0.64,0.64,0.0,0.0,0.64,0.64,2,600,383.4,
2022-05-04 00:00:00,0.64,0.64,0.0,0.0,0.64,0.64,3,2450,1565.55,
2022-05-02 00:00:00,0.64,0.64,0.0,0.0,0.0,0.0,2,1780,1137.42,
25-APR-22,0.64,0.64,0.0,0.0,0.64,0.64,6,8860,5670.4,
22-APR-22,0.64,0.64,0.0,0.0,0.64,0.64,2,450,288.0,
21-APR-22,0.64,0.64,0.0,0.0,0.64,0.64,3,4960,3174.4,
13-APR-22,0.64,0.64,0.0,0.0,0.64,0.64,3,2190,1401.6,
12-APR-22,0.64,0.64,0.0,0.0,0.64,0.64,1,10,6.4,
05-APR-22,0.64,0.64,0.0,0.0,0.0,0.0,1,350,224.35,
04-APR-22,0.65,0.64,-0.01,-1.56,0.65,0.64,3,30,19.33,
2022-03-02 00:00:00,0.65,0.65,0.0,0.0,0.65,0.65,1,90,58.41,
17-DEC-21,0.65,0.65,0.0,0.0,0.65,0.65,1,20,12.98,
16-DEC-21,0.6,0.65,0.05,7.69,0.65,0.65,1,270,175.5,
14-DEC-21,0.65,0.6,-0.05,-8.33,0.6,0.6,3,2030,1309.5,
06-DEC-21,0.65,0.65,0.0,0.0,0.65,0.65,2,230,149.5,
2021-11-29 00:00:00,0.65,0.65,0.0,0.0,0.65,0.65,3,1540,993.9,
2021-11-23 00:00:00,0.62,0.65,0.03,4.62,0.65,0.65,1,10,6.45,
2021-11-18 00:00:00,0.62,0.62,0.0,0.0,0.62,0.62,2,170,105.4,
2021-11-17 00:00:00,0.63,0.62,-0.01,-1.61,0.62,0.62,1,50,31.0,
2021-11-16 00:00:00,0.63,0.63,0.0,0.0,0.63,0.63,1,30,18.9,
2021-11-15 00:00:00,0.63,0.63,0.0,0.0,0.65,0.63,4,1710,1078.4,
2021-11-12 00:00:00,0.63,0.63,0.0,0.0,0.63,0.63,3,240,151.2,
2021-11-10 00:00:00,0.56,0.63,0.07,11.11,0.63,0.63,1,70,44.1,
2021-11-09 00:00:00,0.54,0.56,0.02,3.57,0.56,0.56,1,300,168.3,
2021-11-04 00:00:00,0.54,0.54,0.0,0.0,0.54,0.54,1,20,10.82,
2021-11-02 00:00:00,0.54,0.54,0.0,0.0,0.54,0.54,1,10,5.4,
2021-10-27 00:00:00,0.54,0.54,0.0,0.0,0.54,0.54,1,10,5.4,
2021-10-14 00:00:00,0.55,0.54,-0.01,-1.85,0.54,0.54,2,500,270.0,
2021-10-08 00:00:00,0.55,0.55,0.0,0.0,0.55,0.55,1,80,43.6,
2021-10-05 00:00:00,0.55,0.55,0.0,0.0,0.55,0.55,1,120,66.0,
2021-09-28 00:00:00,550000.0,550000.0,0.0,0.0,649000.0,550000.0,4,93,52061000.0,
2021-09-24 00:00:00,555000.0,550000.0,-5000.0,-0.91,600000.0,550000.0,5,29,16210000.0,
2021-09-23 00:00:00,689000.0,555000.0,-134000.0,-24.14,689000.0,555000.0,4,17,9703000.0,
2021-09-22 00:00:00,689000.0,689000.0,0.0,0.0,689000.0,689000.0,1,5,3445000.0,
2021-09-20 00:00:00,689000.0,689000.0,0.0,0.0,688000.0,688000.0,1,1,688000.0,
2021-09-17 00:00:00,699980.0,689000.0,-10980.0,-1.59,689000.0,689000.0,1,9,6201000.0,
2021-09-16 00:00:00,699980.0,699980.0,0.0,0.0,689980.0,689980.0,1,3,2069940.0,
2021-09-15 00:00:00,700000.0,699980.0,-20.0,0.0,699980.0,699980.0,1,9,6299820.0,
2021-09-10 00:00:00,700000.0,700000.0,0.0,0.0,700000.0,700000.0,3,50,35000000.0,
2021-09-08 00:00:00,769990.0,700000.0,-69990.0,-10.0,740000.0,700000.0,3,107,78900000.0,
2021-09-06 00:00:00,700000.0,769990.0,69990.0,9.09,769990.0,769990.0,1,10,7699900.0,
2021-09-03 00:00:00,700000.0,700000.0,0.0,0.0,700000.0,700000.0,1,302,211400000.0,
2021-09-01 00:00:00,700000.0,700000.0,0.0,0.0,700000.0,700000.0,2,44,30800000.0,
30-AUG-21,700000.0,700000.0,0.0,0.0,700000.0,700000.0,1,3,2100000.0,
26-AUG-21,700000.0,700000.0,0.0,0.0,700000.0,700000.0,1,3,2100000.0,
25-AUG-21,700000.0,700000.0,0.0,0.0,700000.0,700000.0,2,155,108500000.0,
24-AUG-21,700000.0,700000.0,0.0,0.0,700000.0,700000.0,3,418,292600000.0,
20-AUG-21,700000.0,700000.0,0.0,0.0,700000.0,700000.0,1,210,147000000.0,
18-AUG-21,700000.0,700000.0,0.0,0.0,700000.0,700000.0,1,107,74900000.0,
11-AUG-21,660000.0,700000.0,40000.0,5.71,700000.0,650000.0,2,3442,2237650000.0,
10-AUG-21,700000.0,660000.0,-40000.0,-6.06,699990.0,660000.0,2,1327,888896730.0,
06-AUG-21,700000.0,700000.0,0.0,0.0,700010.0,700000.0,4,1522,1065400400.0,
04-AUG-21,700000.0,700000.0,0.0,0.0,700000.0,700000.0,1,1420,994000000.0,
03-AUG-21,700000.0,700000.0,0.0,0.0,700000.0,700000.0,2,18,12600000.0,
02-AUG-21,750000.0,700000.0,-50000.0,-7.14,700000.0,700000.0,1,110,77000000.0,
2021-07-26 00:00:00,700000.0,750000.0,50000.0,6.67,750000.0,700000.0,3,923,649000000.0,
2021-07-23 00:00:00,750000.0,700000.0,-50000.0,-7.14,700000.0,700000.0,3,210,147000000.0,
2021-07-22 00:00:00,700000.0,750000.0,50000.0,6.67,750000.0,750000.0,1,15,11250000.0,
2021-07-21 00:00:00,701000.0,700000.0,-1000.0,-0.14,700010.0,700000.0,4,3229,2260300500.0,
2021-07-19 00:00:00,700000.0,701000.0,1000.0,0.14,701000.0,680000.0,2,1237,841307000.0,
2021-07-16 00:00:00,700000.0,700000.0,0.0,0.0,700000.0,700000.0,3,4374,3061800000.0,
2021-07-13 00:00:00,700000.0,700000.0,0.0,0.0,700000.0,700000.0,2,38,26600000.0,
2021-07-09 00:00:00,700000.0,700000.0,0.0,0.0,700000.0,700000.0,1,5,3500000.0,
2021-07-08 00:00:00,714000.0,700000.0,-14000.0,-2.0,700000.0,700000.0,2,395,276500000.0,
2021-07-07 00:00:00,720000.0,714000.0,-6000.0,-0.84,720000.0,714000.0,4,1527,1097052000.0,
2021-07-06 00:00:00,714000.0,720000.0,6000.0,0.83,720000.0,720000.0,3,1672,1193856000.0,
2021-07-02 00:00:00,714000.0,714000.0,0.0,0.0,714000.0,714000.0,1,155,110670000.0,
2021-07-01 00:00:00,720000.0,714000.0,-6000.0,-0.84,719000.0,714000.0,4,537,383428000.0,
2021-06-30 00:00:00,714000.0,720000.0,6000.0,0.83,720000.0,714000.0,3,726,518376000.0,
2021-06-25 00:00:00,708000.0,714000.0,6000.0,0.84,714000.0,708000.0,5,1199,845252000.0,
2021-06-22 00:00:00,708000.0,708000.0,0.0,0.0,708000.0,708000.0,2,652,461616000.0,
2021-06-21 00:00:00,708000.0,708000.0,0.0,0.0,708000.0,708000.0,1,2,1416000.0,
2021-06-17 00:00:00,708000.0,708000.0,0.0,0.0,708000.0,708000.0,2,1089,771012000.0,
2021-06-11 00:00:00,708000.0,708000.0,0.0,0.0,708000.0,708000.0,1,10,7080000.0,
2021-06-09 00:00:00,709000.0,708000.0,-1000.0,-0.14,708000.0,708000.0,2,1400,991200000.0,
2021-06-08 00:00:00,675000.0,709000.0,34000.0,4.8,709000.0,709000.0,1,17,12053000.0,
2021-06-04 00:00:00,650000.0,675000.0,25000.0,3.7,675000.0,675000.0,2,1000,675000000.0,
2021-06-03 00:00:00,640000.0,650000.0,10000.0,1.54,650000.0,650000.0,1,5,3250000.0,
2021-06-02 00:00:00,800000.0,640000.0,-160000.0,-25.0,749990.0,640000.0,2,519,334249810.0,
2021-05-28 00:00:00,850000.0,800000.0,-50000.0,-6.25,800000.0,800000.0,2,12,9600000.0,
2021-05-26 00:00:00,850000.0,850000.0,0.0,0.0,850000.0,850000.0,2,47,39950000.0,
2021-05-25 00:00:00,845000.0,850000.0,5000.0,0.59,850000.0,850000.0,1,10,8500000.0,
2021-05-21 00:00:00,840000.0,845000.0,5000.0,0.59,845000.0,840000.0,5,526,443355000.0,
2021-05-20 00:00:00,840000.0,840000.0,0.0,0.0,840000.0,805000.0,2,53,44415000.0,
2021-05-19 00:00:00,810000.0,840000.0,30000.0,3.57,840000.0,810000.0,11,1649,1338616000.0,
2021-05-18 00:00:00,760000.0,810000.0,50000.0,6.17,815000.0,800000.0,7,1345,1086595000.0,
2021-05-17 00:00:00,700000.0,760000.0,60000.0,7.89,779000.0,760000.0,3,29,22059000.0,
2021-05-14 00:00:00,671000.0,700000.0,29000.0,4.14,701000.0,700000.0,9,2662,1863680000.0,
2021-05-13 00:00:00,650000.0,671000.0,21000.0,3.13,671000.0,671000.0,1,4,2684000.0,
2021-05-12 00:00:00,650000.0,650000.0,0.0,0.0,0.0,0.0,2,3356,2047160000.0,
2021-05-11 00:00:00,610000.0,650000.0,40000.0,6.15,650000.0,650000.0,2,34,22100000.0,
2021-05-10 00:00:00,610000.0,610000.0,0.0,0.0,610000.0,610000.0,4,2157,1315770000.0,
2021-05-06 00:00:00,541000.0,610000.0,69000.0,11.31,610000.0,610000.0,3,184,112240000.0,
2021-05-05 00:00:00,580000.0,541000.0,-39000.0,-7.21,545000.0,541000.0,4,563,304784540.0,
2021-05-04 00:00:00,500000.0,580000.0,80000.0,13.79,580000.0,570000.0,9,2230,1290175000.0,
2021-05-03 00:00:00,433000.0,500000.0,67000.0,13.4,500000.0,500000.0,6,9521,4760500000.0,
30-APR-21,300000.0,433000.0,133000.0,30.72,433000.0,360000.0,4,12,4758000.0,
26-APR-21,255050.0,300000.0,44950.0,14.98,300000.0,300000.0,1,10,3000000.0,
23-APR-21,220000.0,255050.0,35050.0,13.74,255050.0,255050.0,1,64,16323200.0,
2021-03-26 00:00:00,210000.0,220000.0,10000.0,4.55,220000.0,220000.0,2,39,8580000.0,
2021-03-22 00:00:00,210000.0,210000.0,0.0,0.0,0.0,0.0,1,1214,254940000.0,
2021-03-17 00:00:00,210000.0,210000.0,0.0,0.0,210000.0,210000.0,3,1220,256200000.0,
2021-03-10 00:00:00,210000.0,210000.0,0.0,0.0,0.0,0.0,1,1652,346920000.0,
2021-03-08 00:00:00,210000.0,210000.0,0.0,0.0,210000.0,210000.0,5,5567,1169070000.0,
2021-03-05 00:00:00,208000.0,210000.0,2000.0,0.95,210000.0,208000.0,4,1223,254836000.0,
2021-03-04 00:00:00,208000.0,208000.0,0.0,0.0,208000.0,208000.0,2,254,52832000.0,
2021-03-03 00:00:00,208000.0,208000.0,0.0,0.0,208000.0,208000.0,1,7,1456000.0,
2021-03-02 00:00:00,200000.0,208000.0,8000.0,3.85,208000.0,208000.0,6,1175,242072000.0,
2021-03-01 00:00:00,186000.0,200000.0,14000.0,7.0,200000.0,200000.0,6,5384,1001550000.0,
2021-02-26 00:00:00,186000.0,186000.0,0.0,0.0,186000.0,186000.0,1,1246,231756000.0,
2021-02-25 00:00:00,179000.0,186000.0,7000.0,3.76,186000.0,186000.0,1,40,7440000.0,
2021-02-24 00:00:00,179000.0,179000.0,0.0,0.0,186000.0,186000.0,1,4,744000.0,
2021-02-19 00:00:00,179000.0,179000.0,0.0,0.0,179000.0,179000.0,2,518,92722000.0,
2021-02-18 00:00:00,179000.0,179000.0,0.0,0.0,179000.0,178750.0,3,577,103259250.0,
2021-02-12 00:00:00,180000.0,179000.0,-1000.0,-0.56,180000.0,179000.0,2,11,1975000.0,
2021-02-10 00:00:00,175000.0,180000.0,5000.0,2.78,180000.0,178000.0,3,727,130106000.0,
2021-02-09 00:00:00,178000.0,175000.0,-3000.0,-1.71,175000.0,175000.0,2,20,3500000.0,
2021-02-08 00:00:00,174000.0,178000.0,4000.0,2.25,178000.0,174000.0,8,5037,884010000.0,
2021-02-05 00:00:00,174000.0,174000.0,0.0,0.0,174000.0,174000.0,1,524,91176000.0,
2021-02-04 00:00:00,170000.0,174000.0,4000.0,2.3,174000.0,172000.0,3,2765,477890000.0,
2021-02-03 00:00:00,170000.0,170000.0,0.0,0.0,170000.0,170000.0,3,1634,277780000.0,
2021-02-02 00:00:00,170000.0,170000.0,0.0,0.0,170000.0,170000.0,3,1059,180030000.0,
2021-02-01 00:00:00,167000.0,170000.0,3000.0,1.76,170000.0,170000.0,3,2568,428886000.0,
29-JAN-21,166000.0,167000.0,1000.0,0.6,167000.0,166000.0,6,2524,420694000.0,
28-JAN-21,166000.0,166000.0,0.0,0.0,166000.0,166000.0,1,215,35690000.0,
27-JAN-21,165000.0,166000.0,1000.0,0.6,166000.0,165000.0,6,1528,253321000.0,
26-JAN-21,165000.0,165000.0,0.0,0.0,165000.0,165000.0,4,877,144705000.0,
25-JAN-21,165000.0,165000.0,0.0,0.0,0.0,0.0,3,3345,551925000.0,
22-JAN-21,163990.0,165000.0,1010.0,0.61,165000.0,163990.0,5,2299,377444800.0,
19-JAN-21,150000.0,163990.0,13990.0,8.53,163990.0,163990.0,1,2,327980.0,
15-JAN-21,163990.0,150000.0,-13990.0,-9.33,150000.0,150000.0,1,4,600000.0,
14-JAN-21,156960.0,163990.0,7030.0,4.29,163990.0,163990.0,1,24,3935760.0,
12-JAN-21,130800.0,156960.0,26160.0,16.67,156960.0,156940.0,2,11,1726400.0,
08-JAN-21,109000.0,130800.0,21800.0,16.67,130800.0,130000.0,2,17,2218000.0,
07-JAN-21,109000.0,109000.0,0.0,0.0,0.0,0.0,1,289,31501000.0,
06-JAN-21,108390.0,109000.0,610.0,0.56,109000.0,108390.0,4,1480,160500100.0,
04-JAN-21,106960.0,108390.0,1430.0,1.32,108400.0,108390.0,2,40,4335900.0,
30-DEC-20,106960.0,106960.0,0.0,0.0,106960.0,106960.0,1,20,2139200.0,
29-DEC-20,106960.0,106960.0,0.0,0.0,106960.0,106960.0,1,32,3422720.0,
23-DEC-20,106980.0,106960.0,-20.0,-0.02,106960.0,106960.0,2,4,427840.0,
21-DEC-20,107500.0,106980.0,-520.0,-0.49,106980.0,106980.0,6,2117,225492660.0,
18-DEC-20,108000.0,107500.0,-500.0,-0.47,107500.0,107500.0,1,150,16125000.0,
17-DEC-20,108400.0,108000.0,-400.0,-0.37,108000.0,107990.0,4,739,79809970.0,
16-DEC-20,100000.0,108400.0,8400.0,7.75,108400.0,104100.0,2,2000,210350000.0,
15-DEC-20,93000.0,100000.0,7000.0,7.0,100000.0,100000.0,4,6288,584826000.0,
11-DEC-20,93000.0,93000.0,0.0,0.0,93000.0,93000.0,2,495,46035000.0,
10-DEC-20,92990.0,93000.0,10.0,0.01,93000.0,92990.0,6,1960,182276220.0,
09-DEC-20,93000.0,92990.0,-10.0,-0.01,93000.0,92990.0,3,250,23248600.0,
08-DEC-20,93000.0,93000.0,0.0,0.0,93000.0,93000.0,2,70,6510000.0,
07-DEC-20,88990.0,93000.0,4010.0,4.31,93000.0,93000.0,7,3161,283374570.0,
04-DEC-20,88990.0,88990.0,0.0,0.0,88990.0,88980.0,4,799,71099110.0,
02-DEC-20,74160.0,88990.0,14830.0,16.66,88990.0,88980.0,4,61,5427880.0,
01-DEC-20,61799.97,74160.0,12360.03,16.67,74160.0,70000.0,2,40,2924800.0,
2020-11-27 00:00:00,51499.99,61799.97,10299.98,16.67,61799.97,54500.0,2,382,22147594.54,
2020-11-26 00:00:00,48780.0,51499.99,2719.99,5.28,51499.99,51499.99,2,20,1029999.8,
2020-11-25 00:00:00,40650.0,48780.0,8130.0,16.67,48780.0,48779.99,2,28,1365839.77,
2020-11-16 00:00:00,40250.0,40650.0,400.0,0.98,40650.0,40250.0,6,1986,79970900.0,
2020-11-13 00:00:00,40250.0,40250.0,0.0,0.0,0.0,0.0,1,700,30100000.0,
2020-11-04 00:00:00,40250.0,40250.0,0.0,0.0,40250.0,40250.0,2,90,3622500.0,
2020-10-30 00:00:00,48000.0,40250.0,-7750.0,-19.25,40250.0,40250.0,1,52,2093000.0,
2020-10-29 00:00:00,50000.0,48000.0,-2000.0,-4.17,48000.0,48000.0,2,312,14976000.0,
2020-10-26 00:00:00,50000.0,50000.0,0.0,0.0,50000.0,50000.0,2,170,8500000.0,
2020-10-23 00:00:00,50300.0,50000.0,-300.0,-0.6,50000.0,50000.0,2,38,1900000.0,
2020-10-20 00:00:00,50300.0,50300.0,0.0,0.0,50300.0,50300.0,5,1133,56989900.0,
2020-10-19 00:00:00,50300.0,50300.0,0.0,0.0,0.0,0.0,3,2371,119261300.0,
2020-10-16 00:00:00,50300.0,50300.0,0.0,0.0,50300.0,50300.0,1,10,503000.0,
2020-10-15 00:00:00,50300.0,50300.0,0.0,0.0,50300.0,50300.0,1,10,503000.0,
2020-10-09 00:00:00,50300.0,50300.0,0.0,0.0,50300.0,50300.0,1,6,301800.0,
2020-10-08 00:00:00,50300.0,50300.0,0.0,0.0,50300.0,50300.0,1,55,2766500.0,
2020-10-07 00:00:00,50000.0,50300.0,300.0,0.6,50300.0,50300.0,3,41,2062300.0,
2020-10-05 00:00:00,46900.0,50000.0,3100.0,6.2,50000.0,47300.0,8,2983,140947700.0,
2020-10-01 00:00:00,46900.0,46900.0,0.0,0.0,47300.0,47300.0,1,2,94600.0,
2020-09-30 00:00:00,45000.0,46900.0,1900.0,4.05,46900.0,46900.0,1,9,422100.0,
2020-09-29 00:00:00,44840.0,45000.0,160.0,0.36,46500.0,45000.0,3,41,1846500.0,
2020-09-25 00:00:00,44840.0,44840.0,0.0,0.0,44840.0,44840.0,2,70,3138800.0,
2020-09-23 00:00:00,45000.0,44840.0,-160.0,-0.36,44840.0,44840.0,2,23,1031320.0,
2020-09-21 00:00:00,45000.0,45000.0,0.0,0.0,0.0,0.0,2,850,38165000.0,
2020-09-18 00:00:00,45000.0,45000.0,0.0,0.0,44999.0,44999.0,1,3,134997.0,
2020-09-17 00:00:00,45000.0,45000.0,0.0,0.0,45000.0,45000.0,1,80,3600000.0,
2020-09-16 00:00:00,45700.0,45000.0,-700.0,-1.56,45700.0,45000.0,2,206,9288200.0,
2020-09-15 00:00:00,45700.0,45700.0,0.0,0.0,45700.0,45700.0,1,1067,48761900.0,
2020-09-10 00:00:00,45700.0,45700.0,0.0,0.0,46900.0,45700.0,5,330,15327000.0,
2020-09-07 00:00:00,45700.0,45700.0,0.0,0.0,45700.0,45700.0,3,98,4478600.0,
2020-09-04 00:00:00,45500.0,45700.0,200.0,0.44,45700.0,45700.0,4,22,1005400.0,
2020-09-03 00:00:00,41200.0,45500.0,4300.0,9.45,45500.0,45500.0,2,15,682500.0,
27-AUG-20,41200.0,41200.0,0.0,0.0,41200.0,41200.0,2,112,4614400.0,
26-AUG-20,39800.0,41200.0,1400.0,3.4,41200.0,41200.0,2,20,824000.0,
25-AUG-20,38500.01,39800.0,1299.99,3.27,39800.0,39800.0,1,121,4815800.0,
24-AUG-20,38500.01,38500.01,0.0,0.0,38500.01,38500.01,1,45,1732500.45,
20-AUG-20,38500.0,38500.01,0.01,0.0,39800.0,38500.0,4,142,5473500.38,
19-AUG-20,35000.0,38500.0,3500.0,9.09,38500.0,38500.0,1,30,1155000.0,
18-AUG-20,35000.0,35000.0,0.0,0.0,35100.0,35100.0,1,2,70200.0,
17-AUG-20,35000.0,35000.0,0.0,0.0,38500.0,38500.0,1,1,38500.0,
14-AUG-20,34200.0,35000.0,800.0,2.29,35000.0,35000.0,2,121,4235000.0,
13-AUG-20,34200.0,34200.0,0.0,0.0,35000.0,35000.0,1,2,70000.0,
12-AUG-20,34200.0,34200.0,0.0,0.0,34200.0,34200.0,3,636,21751200.0,
11-AUG-20,34200.0,34200.0,0.0,0.0,35000.0,34200.0,3,98,3358000.0,
07-AUG-20,34200.0,34200.0,0.0,0.0,34200.0,34200.0,1,100,3420000.0,
06-AUG-20,32500.0,34200.0,1700.0,4.97,34200.0,32500.0,3,936,30489700.0,
05-AUG-20,32500.0,32500.0,0.0,0.0,32500.0,32500.0,2,51,1657500.0,
04-AUG-20,32500.0,32500.0,0.0,0.0,0.0,0.0,2,1862,59584000.0,
03-AUG-20,32500.0,32500.0,0.0,0.0,32500.0,32500.0,5,5439,163305000.0,
2020-07-30 00:00:00,30700.0,32500.0,1800.0,5.54,32500.0,30700.0,2,40,1264000.0,
2020-07-29 00:00:00,30700.0,30700.0,0.0,0.0,0.0,0.0,2,4300,132010000.0,
2020-07-28 00:00:00,30700.0,30700.0,0.0,0.0,30700.0,30700.0,4,546,16762200.0,
2020-07-27 00:00:00,30700.0,30700.0,0.0,0.0,31000.0,30700.0,3,2554,78413800.0,
2020-07-23 00:00:00,30200.0,30700.0,500.0,1.63,30700.0,30200.0,6,2350,72025000.0,
2020-07-22 00:00:00,29000.0,30200.0,1200.0,3.97,30200.0,30200.0,3,120,3624000.0,
2020-07-20 00:00:00,29000.0,29000.0,0.0,0.0,30000.0,30000.0,1,5,150000.0,
2020-07-17 00:00:00,30500.0,29000.0,-1500.0,-5.17,29000.0,29000.0,1,50,1450000.0,
2020-07-14 00:00:00,30500.0,30500.0,0.0,0.0,30500.0,30500.0,1,37,1128500.0,
2020-07-13 00:00:00,31000.0,30500.0,-500.0,-1.64,31000.0,30500.0,2,30,925000.0,
2020-07-10 00:00:00,31000.0,31000.0,0.0,0.0,31000.0,31000.0,3,29,899000.0,
2020-07-09 00:00:00,31000.0,31000.0,0.0,0.0,31000.0,31000.0,1,22,682000.0,
2020-07-03 00:00:00,31000.0,31000.0,0.0,0.0,31000.0,31000.0,2,44,1364000.0,
2020-07-01 00:00:00,31000.0,31000.0,0.0,0.0,31000.0,31000.0,1,32,992000.0,
2020-06-30 00:00:00,31300.0,31000.0,-300.0,-0.97,31000.0,31000.0,1,2,62000.0,
2020-06-26 00:00:00,30000.0,31300.0,1300.0,4.15,31300.0,31300.0,1,83,2597900.0,
2020-06-25 00:00:00,29000.0,30000.0,1000.0,3.33,31300.0,30000.0,3,107,3216500.0,
2020-06-23 00:00:00,29500.0,29000.0,-500.0,-1.72,29000.0,28000.0,3,283,8202000.0,
2020-06-19 00:00:00,31000.0,29500.0,-1500.0,-5.08,30000.0,29500.0,2,143,4220000.0,
2020-06-18 00:00:00,31300.0,31000.0,-300.0,-0.97,31000.0,31000.0,1,4,124000.0,
2020-06-16 00:00:00,31300.0,31300.0,0.0,0.0,31300.0,31300.0,2,70,2191000.0,
2020-06-11 00:00:00,29500.0,31300.0,1800.0,5.75,31300.0,31300.0,3,35,1095500.0,
2020-06-05 00:00:00,30000.0,29500.0,-500.0,-1.69,31000.0,29500.0,2,445,13135000.0,
2020-06-03 00:00:00,29500.0,30000.0,500.0,1.67,30000.0,29500.0,2,1792,52874000.0,
2020-06-02 00:00:00,28000.0,29500.0,1500.0,5.08,29500.0,29500.0,2,104,3068000.0,
2020-06-01 00:00:00,28000.0,28000.0,0.0,0.0,30000.0,28000.0,2,68,2004000.0,
2020-05-28 00:00:00,28500.0,28000.0,-500.0,-1.79,28000.0,28000.0,2,3545,101010000.0,
2020-05-27 00:00:00,29000.0,28500.0,-500.0,-1.75,28500.0,28500.0,1,5,142500.0,
2020-05-26 00:00:00,27800.0,29000.0,1200.0,4.14,29000.0,28500.0,5,378,10812000.0,
2020-05-22 00:00:00,26800.0,27800.0,1000.0,3.6,27800.0,26000.0,3,36,954000.0,
2020-05-21 00:00:00,26800.0,26800.0,0.0,0.0,27800.0,26800.0,3,1840,49351000.0,
2020-05-20 00:00:00,24520.0,26800.0,2280.0,8.51,26800.0,24520.0,3,103,2536960.0,
2020-05-18 00:00:00,24520.0,24520.0,0.0,0.0,24520.0,24520.0,1,20,490400.0,
2020-05-15 00:00:00,25500.0,24520.0,-980.0,-4.0,24520.0,24520.0,1,8,196160.0,
2020-05-13 00:00:00,25000.0,25500.0,500.0,1.96,25500.0,25500.0,2,20,510000.0,
2020-05-11 00:00:00,25000.0,25000.0,0.0,0.0,25000.0,25000.0,1,10,250000.0,
2020-05-08 00:00:00,25000.0,25000.0,0.0,0.0,25000.0,22500.0,5,3049,74170000.0,
2020-05-06 00:00:00,25000.0,25000.0,0.0,0.0,25000.0,25000.0,1,1,25000.0,
2020-05-05 00:00:00,24000.0,25000.0,1000.0,4.0,25000.0,25000.0,1,15,375000.0,
30-APR-20,21500.0,24000.0,2500.0,10.42,25000.0,24000.0,4,35,845000.0,
29-APR-20,25000.0,21500.0,-3500.0,-16.28,25000.0,21500.0,3,250,6060000.0,
28-APR-20,25000.0,25000.0,0.0,0.0,25000.0,25000.0,1,20,500000.0,
24-APR-20,25000.0,25000.0,0.0,0.0,29000.0,25000.0,3,360,10360000.0,
23-APR-20,24000.0,25000.0,1000.0,4.0,25000.0,25000.0,5,1281,32025000.0,
22-APR-20,22000.0,24000.0,2000.0,8.33,24000.0,24000.0,5,1077,25848000.0,
21-APR-20,23000.0,22000.0,-1000.0,-4.55,22000.0,22000.0,1,55,1210000.0,
20-APR-20,20000.01,23000.0,2999.99,13.04,23000.0,23000.0,1,100,2300000.0,
17-APR-20,20600.0,20000.01,-599.99,-3.0,20600.0,20000.0,3,2544,50952024.04,
16-APR-20,20600.0,20600.0,0.0,0.0,20600.0,20600.0,5,2505,51603000.0,
15-APR-20,20600.0,20600.0,0.0,0.0,21000.0,20600.0,3,72,1490800.0,
14-APR-20,20400.0,20600.0,200.0,0.97,24479.97,20600.0,7,870,18226606.4,
13-APR-20,17000.0,20400.0,3400.0,16.67,20400.0,20400.0,1,10,204000.0,
08-APR-20,15995.0,17000.0,1005.0,5.91,17000.0,17000.0,2,1003,17051000.0,
07-APR-20,15999.99,15995.0,-4.99,-0.03,16000.0,15995.0,5,2917,46670415.0,
06-APR-20,13600.0,15999.99,2399.99,15.0,16000.0,15999.99,5,1151,18415993.49,
02-APR-20,13600.0,13600.0,0.0,0.0,13600.0,13600.0,5,800,10880000.0,
01-APR-20,12750.0,13600.0,850.0,6.25,13600.0,12750.0,4,15317,207907922.0,
2020-03-31 00:00:00,12479.0,12750.0,271.0,2.13,12750.0,12478.0,2,910,11564420.0,
2020-03-27 00:00:00,12530.0,12479.0,-51.0,-0.41,12479.0,12479.0,1,10,124790.0,
2020-03-26 00:00:00,12650.0,12530.0,-120.0,-0.96,12530.0,12530.0,1,5,62650.0,
2020-03-25 00:00:00,12990.0,12650.0,-340.0,-2.69,12650.0,12650.0,3,315,3982450.0,
2020-03-12 00:00:00,13149.0,12990.0,-159.0,-1.22,12999.0,10531.0,8,408,5198460.0,
2020-03-10 00:00:00,13299.0,13149.0,-150.0,-1.14,13149.0,12000.0,2,653,7839447.0,
2020-03-09 00:00:00,13400.0,13299.0,-101.0,-0.76,13299.0,13299.0,1,100,1329900.0,
2020-03-04 00:00:00,13400.0,13400.0,0.0,0.0,0.0,0.0,1,580,6762800.0,
2020-02-27 00:00:00,13400.0,13400.0,0.0,0.0,13400.0,13400.0,1,10,134000.0,
2020-02-26 00:00:00,13400.0,13400.0,0.0,0.0,13400.0,10800.0,2,9,107600.0,
2020-02-19 00:00:00,13400.0,13400.0,0.0,0.0,13400.0,13400.0,6,6448,86403200.0,
2020-02-18 00:00:00,13400.0,13400.0,0.0,0.0,13400.0,12500.0,3,204,2553600.0,
2020-02-17 00:00:00,11500.0,13400.0,1900.0,14.18,13400.0,11900.0,8,5254,63042897.32,
2020-02-12 00:00:00,13800.0,11500.0,-2300.0,-20.0,13800.0,11050.0,5,680,8154100.0,
2020-02-11 00:00:00,13000.0,13800.0,800.0,5.8,13800.0,13000.0,11,1508,19620800.0,
2020-02-10 00:00:00,13000.0,13000.0,0.0,0.0,13000.0,13000.0,1,100,1300000.0,
