Date,Precio_Inicio_USD,Alto_USD,Bajo_USD,Precio_Cierre_USD
2023-03-07,0.362,0.362,0.362,0.362
2023-03-08,0.365,0.365,0.365,0.365
2023-03-09,0.365,0.365,0.365,0.365
2023-03-10,0.361,0.361,0.361,0.361
2023-03-13,0.361,0.361,0.361,0.361
2023-03-14,0.361,0.361,0.361,0.361
2023-03-15,0.361,0.361,0.361,0.361
2023-03-16,0.372,0.372,0.372,0.372
2023-03-17,0.364,0.364,0.364,0.364
2023-03-20,0.372,0.372,0.372,0.372
2023-03-21,0.372,0.372,0.372,0.372
2023-03-22,0.372,0.372,0.372,0.372
2023-03-23,0.368,0.368,0.368,0.368
2023-03-24,0.368,0.368,0.368,0.368
2023-03-27,0.365,0.365,0.365,0.365
2023-03-28,0.346,0.346,0.346,0.346
2023-03-29,0.346,0.346,0.346,0.346
2023-03-30,0.344,0.344,0.344,0.344
2023-03-31,0.324,0.324,0.324,0.324
2023-04-03,0.328,0.328,0.328,0.328
2023-04-04,0.331,0.331,0.331,0.331
2023-04-05,0.332,0.332,0.332,0.332
2023-04-10,0.332,0.332,0.332,0.332
2023-04-11,0.324,0.324,0.324,0.324
2023-04-12,0.325,0.325,0.325,0.325
2023-04-13,0.324,0.324,0.324,0.324
2023-04-14,0.324,0.324,0.324,0.324
2023-04-17,0.322,0.322,0.322,0.322
2023-04-18,0.322,0.322,0.322,0.322
2023-04-20,0.322,0.322,0.322,0.322
2023-04-21,0.322,0.322,0.322,0.322
2023-04-24,0.327,0.327,0.327,0.327
2023-04-25,0.386,0.386,0.386,0.386
2023-04-26,0.362,0.362,0.362,0.362
2023-04-27,0.362,0.362,0.362,0.362
2023-04-28,0.360,0.360,0.360,0.360
2023-05-02,0.360,0.360,0.360,0.360
2023-05-03,0.401,0.401,0.401,0.401
2023-05-04,0.399,0.399,0.399,0.399
2023-05-05,0.420,0.420,0.420,0.420
2023-05-08,0.420,0.420,0.420,0.420
2023-05-09,0.420,0.420,0.420,0.420
2023-05-10,0.420,0.420,0.420,0.420
2023-05-11,0.462,0.462,0.462,0.462
2023-05-12,0.454,0.454,0.454,0.454
2023-05-15,0.454,0.454,0.454,0.454
2023-05-16,0.386,0.386,0.386,0.386
2023-05-17,0.383,0.383,0.383,0.383
2023-05-18,0.383,0.383,0.383,0.383
2023-05-19,0.381,0.381,0.381,0.381
2023-05-23,0.378,0.378,0.378,0.378
2023-05-24,0.378,0.378,0.378,0.378
2023-05-25,0.419,0.419,0.419,0.419
2023-05-26,0.400,0.400,0.400,0.400
2023-05-29,0.381,0.381,0.381,0.381
2023-05-30,0.377,0.377,0.377,0.377
2023-05-31,0.375,0.375,0.375,0.375
2023-06-01,0.375,0.375,0.375,0.375
2023-06-02,0.375,0.375,0.375,0.375
2023-06-05,0.371,0.371,0.371,0.371
2023-06-06,0.370,0.370,0.370,0.370
2023-06-07,0.391,0.391,0.391,0.391
2023-06-08,0.410,0.410,0.410,0.410
2023-06-13,0.440,0.440,0.440,0.440
2023-06-14,0.467,0.467,0.467,0.467
2023-06-15,0.467,0.467,0.467,0.467
2023-06-16,0.467,0.467,0.467,0.467
2023-06-20,0.463,0.463,0.463,0.463
2023-06-21,0.507,0.507,0.507,0.507
2023-06-22,0.581,0.581,0.581,0.581
2023-06-23,0.575,0.575,0.575,0.575
2023-06-26,0.581,0.581,0.581,0.581
2023-06-27,0.575,0.575,0.575,0.575
2023-06-28,0.575,0.575,0.575,0.575
2023-06-29,0.640,0.640,0.640,0.640
2023-06-30,0.640,0.640,0.640,0.640
2023-07-04,0.604,0.604,0.604,0.604
2023-07-06,0.598,0.598,0.598,0.598
2023-07-07,0.598,0.598,0.598,0.598
2023-07-10,0.667,0.667,0.667,0.667
2023-07-11,0.667,0.667,0.667,0.667
2023-07-12,0.667,0.667,0.667,0.667
2023-07-13,0.669,0.669,0.669,0.669
2023-07-14,0.682,0.682,0.682,0.682
2023-07-17,0.682,0.682,0.682,0.682
2023-07-18,0.680,0.680,0.680,0.680
2023-07-19,0.675,0.675,0.675,0.675
2023-07-20,0.688,0.688,0.688,0.688
2023-07-21,0.688,0.688,0.688,0.688
2023-07-25,0.683,0.683,0.683,0.683
2023-07-26,0.648,0.648,0.648,0.648
2023-07-27,0.644,0.644,0.644,0.644
2023-07-28,0.644,0.644,0.644,0.644
2023-07-31,0.644,0.644,0.644,0.644
2023-08-01,0.639,0.639,0.639,0.639
2023-08-02,0.656,0.656,0.656,0.656
2023-08-03,0.656,0.656,0.656,0.656
2023-08-04,0.637,0.637,0.637,0.637
2023-08-07,0.637,0.637,0.637,0.637
2023-08-08,0.705,0.705,0.705,0.705
2023-08-09,0.705,0.705,0.705,0.705
2023-08-10,0.705,0.705,0.705,0.705
2023-08-11,0.705,0.705,0.705,0.705
2023-08-15,0.693,0.693,0.693,0.693
2023-08-16,0.662,0.662,0.662,0.662
2023-08-17,0.662,0.662,0.662,0.662
2023-08-18,0.660,0.660,0.660,0.660
2023-08-21,0.660,0.660,0.660,0.660
2023-08-22,0.654,0.654,0.654,0.654
2023-08-23,0.654,0.654,0.654,0.654
2023-08-24,0.654,0.654,0.654,0.654
2023-08-25,0.623,0.623,0.623,0.623
2023-08-28,0.623,0.623,0.623,0.623
2023-08-29,0.623,0.623,0.623,0.623
2023-08-30,0.623,0.623,0.623,0.623
2023-08-31,0.623,0.623,0.623,0.623
2023-09-01,0.623,0.623,0.623,0.623
2023-09-04,0.623,0.623,0.623,0.623
2023-09-05,0.617,0.617,0.617,0.617
2023-09-06,0.617,0.617,0.617,0.617
2023-09-07,0.619,0.619,0.619,0.619
2023-09-08,0.600,0.600,0.600,0.600
2023-09-12,0.625,0.625,0.625,0.625
2023-09-13,0.712,0.712,0.712,0.712
2023-09-14,0.712,0.712,0.712,0.712
2023-09-15,0.710,0.710,0.710,0.710
2023-09-18,0.710,0.710,0.710,0.710
2023-09-19,0.710,0.710,0.710,0.710
2023-09-20,0.677,0.677,0.677,0.677
2023-09-21,0.709,0.709,0.709,0.709
2023-09-22,0.678,0.678,0.678,0.678
2023-09-25,0.678,0.678,0.678,0.678
2023-09-26,0.705,0.705,0.705,0.705
2023-09-27,0.703,0.703,0.703,0.703
2023-09-28,0.611,0.611,0.611,0.611
2023-09-29,0.787,0.787,0.787,0.787
2023-10-02,0.787,0.787,0.787,0.787
2023-10-03,0.779,0.779,0.779,0.779
2023-10-04,0.782,0.782,0.782,0.782
2023-10-05,0.777,0.777,0.777,0.777
2023-10-06,0.835,0.835,0.835,0.835
2023-10-09,0.804,0.804,0.804,0.804
2023-10-10,0.804,0.804,0.804,0.804
2023-10-11,0.804,0.804,0.804,0.804
2023-10-13,0.802,0.802,0.802,0.802
2023-10-16,0.802,0.802,0.802,0.802
2023-10-17,0.802,0.802,0.802,0.802
2023-10-18,0.802,0.802,0.802,0.802
2023-10-19,0.804,0.804,0.804,0.804
2023-10-20,0.859,0.859,0.859,0.859
2023-10-23,1.147,1.147,1.147,1.147
2023-10-24,1.143,1.143,1.143,1.143
2023-10-25,1.143,1.143,1.143,1.143
2023-10-26,1.115,1.115,1.115,1.115
2023-10-27,1.115,1.115,1.115,1.115
2023-10-31,1.172,1.172,1.172,1.172
2023-11-01,1.169,1.169,1.169,1.169
2023-11-02,1.400,1.400,1.400,1.400
2023-11-03,1.554,1.554,1.554,1.554
2023-11-07,1.550,1.550,1.550,1.550
2023-11-08,1.550,1.550,1.550,1.550
2023-11-09,1.419,1.419,1.419,1.419
2023-11-10,1.134,1.134,1.134,1.134
2023-11-13,1.199,1.199,1.199,1.199
2023-11-14,1.195,1.195,1.195,1.195
2023-11-15,1.195,1.195,1.195,1.195
2023-11-16,1.195,1.195,1.195,1.195
2023-11-17,1.130,1.130,1.130,1.130
2023-11-20,1.187,1.187,1.187,1.187
2023-11-21,1.184,1.184,1.184,1.184
2023-11-22,1.184,1.184,1.184,1.184
2023-11-23,1.127,1.127,1.127,1.127
2023-11-24,1.127,1.127,1.127,1.127
2023-11-27,1.127,1.127,1.127,1.127
2023-11-28,1.127,1.127,1.127,1.127
2023-11-29,1.099,1.099,1.099,1.099
2023-11-30,1.127,1.127,1.127,1.127
2023-12-01,1.099,1.099,1.099,1.099
2023-12-04,1.096,1.096,1.096,1.096
2023-12-05,1.096,1.096,1.096,1.096
2023-12-06,1.099,1.099,1.099,1.099
2023-12-07,1.068,1.068,1.068,1.068
2023-12-08,1.068,1.068,1.068,1.068
2023-12-12,1.068,1.068,1.068,1.068
2023-12-13,1.068,1.068,1.068,1.068
2023-12-14,1.068,1.068,1.068,1.068
2023-12-15,1.068,1.068,1.068,1.068
2023-12-18,1.068,1.068,1.068,1.068
2023-12-19,1.068,1.068,0.983,0.983
2023-12-20,0.983,1.068,1.068,0.983
2023-12-21,0.980,0.980,0.980,0.980
2023-12-22,0.980,1.065,0.980,0.980
2023-12-26,0.978,0.978,0.978,0.978
2023-12-27,0.978,0.978,0.978,0.978
2023-12-28,0.978,0.978,0.978,0.978
2023-12-29,0.978,1.062,1.062,1.062
2024-01-02,1.059,1.059,1.059,1.059
2024-01-03,1.059,1.059,1.059,1.059
2024-01-04,1.059,1.059,1.059,1.059
2024-01-05,1.056,1.056,1.056,1.056
2024-01-08,1.056,1.056,1.056,1.056
2024-01-09,1.056,1.056,1.056,1.056
2024-01-10,1.056,1.084,1.056,1.084
2024-01-11,1.087,1.059,1.059,1.059
2024-01-12,1.059,1.059,1.059,1.059
2024-01-15,1.059,1.059,1.059,1.059
2024-01-16,1.059,1.087,1.087,1.087
2024-01-17,1.084,1.111,1.111,1.084
2024-01-18,1.081,1.192,1.175,1.175
2024-01-19,1.175,1.244,1.244,1.244
2024-01-22,1.244,1.244,1.244,1.244
2024-01-23,1.241,1.380,1.380,1.241
2024-01-24,1.241,1.241,1.241,1.241
2024-01-25,1.244,1.244,1.244,1.244
2024-01-26,1.108,1.247,1.108,1.108
2024-01-29,1.108,1.108,1.108,1.108
2024-01-30,1.105,1.105,1.105,1.105
2024-01-31,1.105,1.105,1.064,1.105
2024-02-01,1.105,1.105,1.105,1.105
2024-02-02,1.102,1.102,1.102,1.102
2024-02-05,1.105,1.105,1.105,1.105
2024-02-06,1.105,1.105,1.105,1.105
2024-02-07,1.102,1.102,1.102,1.102
2024-02-08,1.102,1.075,1.075,1.102
2024-02-09,1.105,1.078,1.078,1.105
2024-02-14,1.102,1.293,1.102,1.102
2024-02-15,1.102,1.157,1.102,1.102
2024-02-16,0.936,1.157,0.936,0.936
2024-02-19,0.936,1.099,0.936,0.964
2024-02-20,0.964,1.099,0.936,0.936
2024-02-21,0.936,0.936,0.936,0.936
2024-02-22,0.936,1.094,0.936,0.964
2024-02-23,0.967,1.097,0.967,1.097
2024-02-26,1.097,1.097,0.898,0.898
2024-02-27,0.900,0.900,0.775,0.900
2024-02-28,0.900,1.072,0.900,0.900
2024-02-29,0.900,0.969,0.900,0.900
2024-03-01,0.900,0.900,0.900,0.900
2024-03-04,0.928,0.928,0.900,0.928
2024-03-05,0.928,1.053,0.886,0.886
2024-03-06,0.886,1.053,0.886,1.053
2024-03-07,1.053,1.047,1.047,1.047
2024-03-08,1.047,1.039,1.039,1.047
2024-03-11,1.044,1.050,1.050,1.050
2024-03-12,1.050,1.022,1.022,1.022
2024-03-13,1.022,1.022,1.022,1.022
2024-03-14,1.019,1.047,1.047,1.019
2024-03-15,1.019,1.047,0.881,0.881
2024-03-18,0.881,0.881,0.881,0.881
2024-03-20,0.881,0.881,0.881,0.881
2024-03-21,0.881,0.881,0.881,0.881
2024-03-22,0.881,0.881,0.771,0.771
2024-03-25,0.771,0.798,0.771,0.798
2024-03-26,0.796,0.769,0.769,0.769
2024-03-27,0.771,0.771,0.771,0.771
2024-04-01,0.771,0.826,0.826,0.826
2024-04-02,0.771,0.771,0.771,0.771
2024-04-03,0.771,0.826,0.771,0.771
2024-04-04,0.771,0.925,0.925,0.771
2024-04-05,0.771,0.771,0.771,0.771
2024-04-09,0.825,0.801,0.801,0.801
2024-04-10,0.801,0.801,0.801,0.801
2024-04-11,0.801,0.801,0.801,0.801
2024-04-12,0.801,0.801,0.801,0.801
2024-04-15,0.798,0.796,0.796,0.796
2024-04-16,0.796,0.798,0.798,0.798
2024-04-17,0.798,0.796,0.796,0.796
2024-04-18,0.796,0.796,0.796,0.796
2024-04-22,0.769,0.793,0.769,0.769
2024-04-23,0.769,0.769,0.769,0.769
2024-04-24,0.769,0.769,0.769,0.769
2024-04-25,0.769,0.769,0.769,0.769
2024-04-26,0.769,0.769,0.769,0.769
2024-04-29,0.769,0.769,0.769,0.769
2024-04-30,0.769,0.769,0.769,0.769
2024-05-02,0.769,0.766,0.741,0.766
2024-05-03,0.670,0.764,0.657,0.670
2024-05-06,0.670,0.670,0.670,0.670
2024-05-07,0.668,0.792,0.668,0.682
2024-05-08,0.682,0.792,0.682,0.737
2024-05-09,0.737,0.737,0.737,0.737
2024-05-10,0.737,0.737,0.737,0.737
2024-05-14,0.737,0.737,0.685,0.685
2024-05-15,0.710,0.710,0.710,0.710
2024-05-16,0.710,0.710,0.710,0.710
2024-05-17,0.710,0.710,0.710,0.710
2024-05-20,0.710,0.710,0.600,0.710
2024-05-21,0.710,0.710,0.710,0.710
2024-05-22,0.710,0.710,0.603,0.603
2024-05-23,0.603,0.682,0.600,0.600
2024-05-24,0.600,0.627,0.600,0.627
2024-05-27,0.627,0.627,0.600,0.600
2024-05-28,0.600,0.707,0.707,0.600
2024-05-29,0.600,0.600,0.600,0.600
2024-05-30,0.602,0.657,0.602,0.602
2024-05-31,0.602,0.643,0.602,0.602
2024-06-04,0.602,0.712,0.602,0.602
2024-06-05,0.602,0.706,0.602,0.602
2024-06-06,0.600,0.600,0.600,0.600
2024-06-07,0.602,0.602,0.602,0.602
2024-06-10,0.590,0.685,0.582,0.685
2024-06-11,0.698,0.698,0.602,0.602
2024-06-12,0.602,0.684,0.684,0.602
2024-06-13,0.602,0.629,0.602,0.629
2024-06-14,0.629,0.629,0.629,0.629
2024-06-18,0.712,0.712,0.712,0.712
2024-06-19,0.713,0.713,0.713,0.713
2024-06-20,0.713,0.713,0.713,0.713
2024-06-21,0.713,0.713,0.713,0.713
2024-06-25,0.713,0.851,0.851,0.713
2024-06-26,0.713,0.824,0.713,0.824
2024-06-27,0.824,0.824,0.824,0.824
2024-06-28,0.821,0.821,0.821,0.821
2024-07-01,0.821,0.821,0.821,0.821
2024-07-02,0.821,0.959,0.821,0.821
2024-07-03,0.821,0.959,0.821,0.821
2024-07-04,0.821,0.821,0.684,0.712
2024-07-08,0.712,0.766,0.712,0.766
2024-07-09,0.766,0.766,0.753,0.766
2024-07-10,0.766,0.766,0.766,0.766
2024-07-11,0.756,0.764,0.756,0.756
2024-07-12,0.756,0.756,0.751,0.756
2024-07-15,0.756,0.764,0.682,0.751
2024-07-16,0.753,0.753,0.739,0.739
2024-07-17,0.737,0.737,0.682,0.737
2024-07-18,0.737,0.737,0.710,0.737
2024-07-19,0.737,0.751,0.734,0.734
2024-07-22,0.716,0.716,0.716,0.716
2024-07-23,0.732,0.732,0.729,0.732
2024-07-25,0.732,0.732,0.732,0.732
2024-07-26,0.732,0.792,0.792,0.792
2024-07-29,0.796,0.796,0.796,0.796
2024-07-30,0.790,0.790,0.790,0.790
2024-07-31,0.790,0.787,0.787,0.787
2024-08-01,0.787,0.787,0.787,0.787
2024-08-02,0.787,0.776,0.749,0.749
2024-08-05,0.749,0.762,0.762,0.762
2024-08-06,0.762,0.762,0.762,0.762
2024-08-07,0.762,0.762,0.757,0.757
2024-08-08,0.757,0.749,0.735,0.735
2024-08-09,0.735,0.708,0.708,0.708
2024-08-12,0.708,0.708,0.708,0.708
2024-08-13,0.708,0.708,0.705,0.705
2024-08-14,0.705,0.708,0.694,0.694
2024-08-15,0.694,0.705,0.705,0.705
2024-08-16,0.705,0.705,0.705,0.705
2024-08-20,0.705,0.735,0.705,0.735
2024-08-21,0.735,0.762,0.762,0.762
2024-08-22,0.776,0.776,0.762,0.776
2024-08-23,0.776,0.787,0.776,0.776
2024-08-26,0.778,0.789,0.789,0.789
2024-08-27,0.789,0.789,0.723,0.789
2024-08-28,0.737,0.789,0.737,0.737
2024-08-29,0.737,0.789,0.737,0.737
2024-08-30,0.735,0.735,0.735,0.735
2024-09-02,0.735,0.817,0.735,0.735
2024-09-03,0.735,0.814,0.814,0.814
2024-09-04,0.814,0.762,0.735,0.762
2024-09-05,0.762,0.760,0.760,0.760
2024-09-06,0.760,0.760,0.760,0.760
2024-09-09,0.760,0.814,0.760,0.760
2024-09-10,0.760,0.760,0.760,0.760
2024-09-11,0.757,0.733,0.733,0.733
2024-09-12,0.733,0.733,0.706,0.706
2024-09-13,0.706,0.733,0.719,0.719
2024-09-17,0.719,0.733,0.719,0.733
2024-09-18,0.733,0.719,0.719,0.719
2024-09-19,0.719,0.719,0.651,0.651
2024-09-20,0.651,0.706,0.678,0.700
2024-09-23,0.698,0.698,0.698,0.698
2024-09-24,0.698,0.698,0.698,0.698
2024-09-25,0.649,0.701,0.649,0.649
2024-09-26,0.649,0.677,0.649,0.649
2024-09-27,0.649,0.649,0.649,0.649
2024-09-30,0.648,0.702,0.648,0.648
2024-10-01,0.653,0.724,0.648,0.696
2024-10-02,0.696,0.696,0.696,0.696
2024-10-03,0.696,0.724,0.675,0.675
2024-10-04,0.675,0.675,0.675,0.675
2024-10-07,0.673,0.673,0.646,0.673
2024-10-08,0.673,0.673,0.646,0.646
2024-10-09,0.646,0.646,0.646,0.646
2024-10-10,0.611,0.704,0.611,0.611
2024-10-11,0.609,0.636,0.636,0.609
2024-10-14,0.616,0.616,0.616,0.616
2024-10-15,0.616,0.668,0.616,0.668
2024-10-16,0.668,0.668,0.668,0.668
2024-10-17,0.664,0.664,0.651,0.664
2024-10-18,0.662,0.662,0.650,0.655
2024-10-21,0.655,0.662,0.655,0.655
2024-10-22,0.655,0.655,0.650,0.650
2024-10-23,0.646,0.669,0.646,0.659
2024-10-24,0.657,0.657,0.657,0.657
2024-10-25,0.635,0.642,0.635,0.635
2024-10-28,0.632,0.644,0.610,0.610
2024-10-29,0.600,0.621,0.597,0.621
2024-10-30,0.614,0.614,0.611,0.614
2024-10-31,0.609,0.628,0.609,0.628
2024-11-01,0.627,0.643,0.631,0.631
2024-11-05,0.629,0.640,0.640,0.640
2024-11-06,0.620,0.620,0.620,0.620
2024-11-07,0.616,0.622,0.622,0.622
2024-11-08,0.617,0.615,0.610,0.610
2024-11-11,0.603,0.603,0.603,0.603
2024-11-12,0.602,0.613,0.609,0.609
2024-11-13,0.606,0.621,0.610,0.621
2024-11-14,0.620,0.642,0.620,0.620
2024-11-15,0.615,0.637,0.615,0.615
2024-11-19,0.611,0.632,0.611,0.611
2024-11-20,0.609,0.631,0.609,0.609
2024-11-21,0.607,0.628,0.607,0.628
2024-11-22,0.624,0.624,0.603,0.624
2024-11-25,0.620,0.642,0.620,0.620
2024-11-26,0.620,0.620,0.620,0.620
2024-11-27,0.619,0.640,0.619,0.619
2024-11-28,0.618,0.618,0.618,0.618
2024-11-29,0.612,0.612,0.612,0.612
2024-12-02,0.608,0.608,0.566,0.566
2024-12-03,0.564,0.606,0.606,0.606
2024-12-04,0.605,0.584,0.573,0.573
2024-12-05,0.571,0.581,0.571,0.581
2024-12-06,0.578,0.640,0.578,0.578
2024-12-09,0.573,0.614,0.532,0.573
2024-12-10,0.592,0.592,0.572,0.592
2024-12-11,0.569,0.590,0.569,0.569
2024-12-12,0.565,0.585,0.585,0.585
2024-12-13,0.560,0.580,0.580,0.580
2024-12-16,0.555,0.575,0.495,0.495
2024-12-17,0.495,0.553,0.535,0.535
2024-12-18,0.533,0.552,0.493,0.493
2024-12-19,0.489,0.528,0.489,0.489
2024-12-20,0.485,0.505,0.485,0.505
2024-12-23,0.503,0.542,0.542,0.542
2024-12-26,0.541,0.539,0.521,0.521
2024-12-27,0.521,0.539,0.521,0.521
2024-12-30,0.520,0.559,0.538,0.559
2025-01-02,0.556,0.575,0.575,0.556
2025-01-03,0.550,0.560,0.560,0.560
2025-01-07,0.556,0.556,0.546,0.556
2025-01-08,0.555,0.564,0.555,0.555
2025-01-09,0.553,0.553,0.543,0.553
2025-01-10,0.546,0.546,0.537,0.537
2025-01-14,0.535,0.537,0.535,0.535
2025-01-15,0.534,0.536,0.532,0.534
2025-01-16,0.530,0.514,0.477,0.477
2025-01-17,0.510,0.528,0.510,0.510
2025-01-20,0.507,0.524,0.524,0.507
2025-01-21,0.508,0.525,0.472,0.472
2025-01-22,0.469,0.522,0.522,0.522
2025-01-23,0.517,0.517,0.501,0.517
2025-01-24,0.512,0.512,0.505,0.505
2025-01-27,0.502,0.498,0.498,0.502
2025-01-28,0.509,0.526,0.509,0.509
2025-01-29,0.505,0.523,0.488,0.521
2025-01-30,0.529,0.592,0.522,0.529
2025-01-31,0.523,0.585,0.584,0.584
2025-02-03,0.563,0.579,0.560,0.563
2025-02-04,0.562,0.562,0.562,0.562
2025-02-05,0.560,0.560,0.560,0.560
2025-02-06,0.571,0.588,0.571,0.579
2025-02-07,0.572,0.572,0.572,0.572
2025-02-10,0.570,0.578,0.578,0.578
2025-02-11,0.577,0.585,0.575,0.575
2025-02-12,0.571,0.573,0.557,0.565
2025-02-13,0.561,0.577,0.561,0.561
2025-02-14,0.574,0.630,0.574,0.574
2025-02-17,0.594,0.611,0.579,0.594
2025-02-18,0.594,0.595,0.579,0.579
2025-02-19,0.578,0.594,0.578,0.578
2025-02-20,0.575,0.575,0.559,0.575
2025-02-21,0.553,0.569,0.553,0.553
2025-02-24,0.551,0.646,0.567,0.583
2025-02-25,0.582,0.582,0.566,0.574
2025-02-26,0.570,0.577,0.562,0.570
2025-02-27,0.567,0.567,0.551,0.551
2025-02-28,0.551,0.551,0.544,0.544
2025-03-05,0.544,0.544,0.544,0.544
2025-03-06,0.544,0.560,0.544,0.544
2025-03-07,0.543,0.558,0.543,0.557
2025-03-10,0.554,0.587,0.540,0.587
2025-03-11,0.580,0.611,0.611,0.611
2025-03-12,0.616,0.616,0.585,0.616
2025-03-13,0.601,0.617,0.601,0.601
2025-03-14,0.601,0.679,0.679,0.679
2025-03-17,0.685,0.685,0.685,0.685
2025-03-18,0.700,0.699,0.699,0.699
2025-03-20,0.673,0.673,0.652,0.673
2025-03-21,0.673,0.703,0.644,0.668
2025-03-24,0.657,0.721,0.721,0.721
2025-03-25,0.717,0.731,0.658,0.731
2025-03-26,0.862,0.862,0.789,0.862
2025-03-27,0.862,0.848,0.848,0.848
2025-03-28,0.844,0.858,0.858,0.858
2025-03-31,0.855,0.855,0.855,0.855
2025-04-01,0.855,0.855,0.853,0.853
2025-04-02,0.843,0.843,0.833,0.843
2025-04-03,0.917,0.931,0.845,0.917
2025-04-04,0.914,0.993,0.993,0.993
2025-04-07,0.993,0.993,0.993,0.993
2025-04-08,0.989,0.956,0.810,0.950
2025-04-09,0.910,1.048,0.885,0.899
2025-04-10,0.899,0.899,0.899,0.899
2025-04-11,0.899,0.899,0.899,0.899
2025-04-14,0.853,0.853,0.853,0.853
2025-04-15,0.853,0.853,0.802,0.802
2025-04-16,0.802,0.802,0.802,0.802
2025-04-22,0.802,0.802,0.802,0.802
2025-04-23,0.765,0.765,0.765,0.765
2025-04-24,0.757,0.757,0.757,0.757
2025-04-25,0.757,0.892,0.855,0.855
2025-04-28,0.855,0.855,0.843,0.855
2025-04-29,0.839,0.863,0.827,0.827
2025-04-30,0.796,0.796,0.796,0.796
2025-05-02,0.785,0.808,0.784,0.785
2025-05-05,0.771,0.783,0.748,0.771
2025-05-06,0.771,0.760,0.633,0.748
2025-05-07,0.721,0.732,0.676,0.721
2025-05-08,0.721,0.710,0.698,0.710
2025-05-09,0.676,0.687,0.676,0.676
2025-05-12,0.657,0.712,0.547,0.657
2025-05-13,0.657,0.657,0.602,0.646
2025-05-14,0.635,0.624,0.538,0.624
2025-05-15,0.623,0.644,0.623,0.644
2025-05-16,0.641,0.641,0.620,0.641
2025-05-19,0.637,0.754,0.530,0.690
2025-05-20,0.690,0.775,0.690,0.733
2025-05-21,0.731,0.774,0.752,0.752
2025-05-22,0.748,0.853,0.790,0.852
2025-05-23,0.947,1.001,0.800,0.947
2025-05-26,0.947,1.054,0.980,1.033
2025-05-27,1.001,1.033,0.853,1.001
2025-05-28,0.989,1.010,0.947,0.989
2025-05-29,0.969,1.012,0.969,0.969
2025-05-30,0.989,0.989,0.988,0.989
2025-06-03,0.990,0.980,0.948,0.948
2025-06-04,0.948,0.948,0.948,0.948
2025-06-05,0.946,0.957,0.946,0.946
2025-06-06,0.918,0.928,0.918,0.918
2025-06-09,0.918,0.990,0.927,0.949
2025-06-10,0.943,0.963,0.963,0.963
2025-06-11,0.959,0.948,0.938,0.938
2025-06-12,0.938,0.959,0.938,0.938
2025-06-13,0.926,0.925,0.896,0.921
2025-06-17,0.902,0.892,0.892,0.892
2025-06-18,0.878,0.927,0.868,0.878
2025-06-19,0.880,0.910,0.880,0.880
2025-06-20,0.874,0.923,0.865,0.874
2025-06-25,0.867,0.896,0.867,0.867
2025-06-26,0.867,0.867,0.857,0.867
2025-06-27,0.853,0.862,0.853,0.853
2025-06-30,0.835,0.835,0.831,0.835
2025-07-01,0.826,0.835,0.789,0.825
2025-07-02,0.825,0.825,0.742,0.825
2025-07-03,0.777,0.823,0.706,0.777
2025-07-04,0.777,0.869,0.823,0.823
2025-07-07,0.823,0.805,0.795,0.804
2025-07-08,0.788,0.807,0.807,0.807
2025-07-09,0.802,0.802,0.758,0.758
2025-07-10,0.758,0.847,0.758,0.758
2025-07-11,0.749,0.771,0.749,0.749
2025-07-14,0.742,0.830,0.699,0.742
2025-07-15,0.742,0.742,0.655,0.738
2025-07-16,0.728,0.819,0.727,0.728
2025-07-17,0.721,0.725,0.725,0.725
2025-07-18,0.726,0.829,0.726,0.726
2025-07-21,0.726,0.829,0.726,0.769
2025-07-22,0.769,0.769,0.769,0.769
2025-07-23,0.753,0.879,0.749,0.749
2025-07-25,0.743,0.743,0.730,0.743
2025-07-28,0.743,0.747,0.664,0.747
2025-07-29,0.736,0.736,0.715,0.736
2025-07-30,0.736,0.858,0.695,0.736
2025-07-31,0.732,0.732,0.732,0.732
2025-08-01,0.726,0.847,0.685,0.724
2025-08-04,0.703,0.708,0.647,0.703
2025-08-05,0.703,0.721,0.700,0.721
2025-08-06,0.692,0.707,0.629,0.692
2025-08-07,0.684,0.699,0.622,0.699
2025-08-08,0.699,0.700,0.700,0.700
2025-08-11,0.700,0.816,0.696,0.700
2025-08-12,0.800,0.800,0.686,0.800
2025-08-13,0.791,0.881,0.754,0.881
2025-08-14,0.881,0.987,0.881,0.980
2025-08-15,0.973,0.973,0.875,0.965
2025-08-19,0.950,0.958,0.950,0.950
2025-08-20,0.941,0.985,0.876,0.919
2025-08-21,0.941,0.985,0.938,0.941
2025-08-22,0.933,1.085,1.085,1.085
2025-08-25,1.229,1.229,1.194,1.229
2025-08-26,1.229,1.338,1.229,1.229
2025-08-27,1.218,1.397,1.182,1.390
2025-08-28,1.367,1.479,1.339,1.408
2025-08-29,1.408,1.408,1.408,1.408
2025-09-01,1.384,1.557,1.108,1.384
2025-09-02,1.384,1.384,1.315,1.384
2025-09-03,1.359,1.495,1.461,1.461
2025-09-04,1.437,1.638,1.437,1.437
2025-09-05,1.437,1.638,1.537,1.638
2025-09-08,1.613,1.810,1.448,1.797
2025-09-09,1.785,1.995,1.929,1.995
2025-09-10,1.986,2.181,1.628,2.076
2025-09-11,2.059,2.059,2.059,2.059
2025-09-12,2.038,2.364,1.731,2.166
2025-09-16,2.132,2.232,2.075,2.132
2025-09-17,2.043,2.236,1.869,2.043
2025-09-18,2.043,2.024,1.638,1.962
2025-09-19,1.962,2.018,1.869,1.869
2025-09-22,1.838,1.869,1.556,1.838
2025-09-23,1.838,1.838,1.550,1.836
2025-09-24,1.784,2.140,2.083,2.083
2025-09-25,2.261,2.286,2.048,2.261
2025-09-26,2.240,2.476,2.300,2.447
2025-09-29,2.395,2.539,1.933,2.422
2025-09-30,1.142,1.284,0.913,1.142
2025-10-01,2.257,2.286,1.868,2.229
2025-10-02,2.201,2.223,2.173,2.201
2025-10-03,2.156,2.156,1.725,2.101
2025-10-06,2.101,2.101,1.725,1.769
2025-10-07,1.731,2.028,1.731,1.893
2025-10-08,1.893,2.055,1.785,1.785
2025-10-09,1.785,2.055,1.704,1.866
2025-10-10,1.790,1.839,1.785,1.790
2025-10-13,1.753,2.013,1.721,1.827
2025-10-14,1.789,2.028,1.608,1.789
2025-10-15,1.753,2.033,1.753,1.982
2025-10-16,1.940,2.090,1.791,1.960
2025-10-17,1.960,1.960,1.592,1.866
2025-10-21,1.823,2.022,1.540,1.823
2025-10-22,1.823,1.803,1.730,1.735
2025-10-23,1.735,1.823,1.462,1.608
2025-10-24,1.573,1.787,1.430,1.549
2025-10-27,1.534,1.557,1.420,1.534
2025-10-28,1.534,1.652,1.510,1.628
2025-10-29,1.585,1.746,1.471,1.471
2025-10-30,1.471,1.746,1.471,1.471
2025-10-31,1.447,1.582,1.447,1.447
2025-11-03,1.447,1.650,1.356,1.492
2025-11-04,1.492,1.650,1.361,1.447
2025-11-05,1.432,1.589,1.209,1.477
2025-11-06,1.477,1.567,1.347,1.500
2025-11-07,1.476,1.454,1.322,1.405
2025-11-10,1.405,1.454,1.322,1.454
2025-11-11,1.448,1.492,1.360,1.360
2025-11-12,1.360,1.536,1.360,1.365
2025-11-13,1.432,1.497,1.215,1.432
2025-11-14,1.416,1.416,1.416,1.416
2025-11-17,1.416,1.416,1.202,1.335
2025-11-18,1.318,1.378,1.187,1.272
2025-11-19,1.164,1.270,1.164,1.164
2025-11-20,1.249,1.270,1.084,1.249
2025-11-21,1.244,1.244,1.164,1.202
2025-11-25,1.175,1.221,1.056,1.155
2025-11-26,1.155,1.225,1.134,1.134
2025-11-27,1.134,1.225,1.155,1.155
2025-11-28,1.152,1.222,1.156,1.214
2025-12-01,1.214,1.235,1.173,1.193
2025-12-02,1.183,1.183,1.124,1.183
2025-12-03,1.175,1.216,1.114,1.175
2025-12-04,1.167,1.195,0.969,1.167
2025-12-05,1.167,1.207,1.006,1.167
2025-12-09,1.127,1.154,1.049,1.119
2025-12-10,1.119,1.127,1.010,1.088
2025-12-11,1.088,1.127,1.073,1.127
2025-12-12,1.119,1.127,1.119,1.119
2025-12-15,1.089,1.135,0.972,1.059
2025-12-16,1.059,1.135,1.059,1.059
2025-12-17,1.026,1.099,1.063,1.063
2025-12-18,1.063,1.063,1.026,1.063
2025-12-19,1.051,1.142,1.015,1.142
2025-12-22,1.121,1.153,1.100,1.121
2025-12-23,1.121,1.189,1.136,1.189
2025-12-26,1.189,1.242,1.065,1.242
2025-12-29,1.217,1.425,1.213,1.422
2025-12-30,1.422,1.564,1.321,1.477
2026-01-02,1.445,1.632,1.360,1.632
2026-01-05,1.614,1.849,1.580,1.849
2026-01-06,1.830,2.628,2.063,2.628
2026-01-07,2.628,2.628,2.595,2.628
2026-01-08,2.570,2.993,2.765,2.928
2026-01-09,2.893,3.549,2.957,3.549
2026-01-13,3.401,3.389,3.386,3.389
2026-01-14,3.338,3.338,3.308,3.332
2026-01-15,3.332,3.338,3.005,3.035
2026-01-16,2.956,2.956,2.663,2.926
2026-01-20,2.926,2.926,2.897,2.897
2026-01-21,2.904,2.933,2.620,2.640
2026-01-22,2.640,2.640,2.581,2.640
2026-01-23,2.598,2.566,2.468,2.598
2026-01-26,2.598,2.523,2.477,2.598
2026-01-27,2.558,2.482,2.317,2.416
2026-01-28,2.416,2.476,2.189,2.274
2026-01-29,2.274,2.476,2.177,2.200
2026-01-30,2.162,2.221,2.151,2.221
2026-02-02,2.221,2.419,2.304,2.402
2026-02-03,2.329,2.559,2.383,2.531
2026-02-04,2.531,2.545,2.304,2.545
2026-02-05,2.532,2.721,2.721,2.532
2026-02-06,2.532,2.775,2.721,2.532
2026-02-09,2.490,2.728,2.490,2.495
2026-02-10,2.451,2.451,2.212,2.316
2026-02-11,2.316,2.602,2.342,2.451
2026-02-12,2.429,2.579,2.429,2.429
2026-02-13,2.420,2.569,2.569,2.569
2026-02-18,2.550,3.057,2.550,2.805
2026-02-19,2.782,3.338,2.529,3.338
2026-02-20,3.338,3.996,3.035,3.930
2026-02-23,3.907,4.687,3.131,4.275
2026-02-24,4.236,4.732,3.875,4.697
2026-02-25,4.586,4.745,4.136,4.136
2026-02-26,4.106,4.553,4.106,4.469
2026-02-27,4.433,4.742,4.313,4.505
2026-03-02,4.484,5.318,4.484,4.534
2026-03-03,4.512,5.220,4.512,4.747
2026-03-04,4.708,5.297,4.944,4.944
2026-03-05,4.909,5.372,4.675,4.675
2026-03-06,4.640,6.566,4.640,5.197
