Date,Precio_Inicio,Alto,Bajo,Precio_Cierre,Volumen
2023-03-07,6.4,6.4,6.4,6.4,1344
2023-03-08,6.4,6.4,6.4,6.4,1360
2023-03-09,6.4,6.4,6.4,6.4,0
2023-03-10,6.4,6.4,6.4,6.4,3
2023-03-13,6.4,6.4,6.4,6.4,1290
2023-03-14,6.4,6.4,6.4,6.4,31
2023-03-15,6.2,6.2,6.2,6.2,1931
2023-03-16,6.2,6.2,6.2,6.2,0
2023-03-17,6.2,6.2,6.2,6.2,0
2023-03-20,6.2,6.2,6.2,6.2,163
2023-03-21,6.2,6.2,6.2,6.2,470
2023-03-22,6.0,6.0,6.0,6.0,250
2023-03-23,6.4,6.4,6.4,6.4,1213
2023-03-24,6.5,6.5,6.5,6.5,10
2023-03-27,6.5,6.5,6.5,6.5,15
2023-03-28,6.5,6.5,6.5,6.5,166
2023-03-29,6.5,6.5,6.5,6.5,11
2023-03-30,6.5,6.5,6.5,6.5,151
2023-03-31,6.5,6.5,6.5,6.5,752
2023-04-03,6.5,6.5,6.5,6.5,0
2023-04-04,6.5,6.5,6.5,6.5,397
2023-04-05,6.6,6.6,6.6,6.6,250
2023-04-10,6.5,6.5,6.5,6.5,15
2023-04-11,6.5,6.5,6.5,6.5,113
2023-04-12,6.6,6.6,6.6,6.6,4
2023-04-13,6.6,6.6,6.6,6.6,418
2023-04-14,6.6,6.6,6.6,6.6,0
2023-04-17,6.5,6.5,6.5,6.5,533
2023-04-18,6.5,6.5,6.5,6.5,54
2023-04-20,6.5,6.5,6.5,6.5,140
2023-04-21,6.5,6.5,6.5,6.5,17633
2023-04-24,6.8,6.8,6.8,6.8,2528
2023-04-25,6.9,6.9,6.9,6.9,736
2023-04-26,7.0,7.0,7.0,7.0,15208
2023-04-27,7.0,7.0,7.0,7.0,808
2023-04-28,7.0,7.0,7.0,7.0,490
2023-05-02,7.0,7.0,7.0,7.0,28
2023-05-03,7.0,7.0,7.0,7.0,700
2023-05-04,7.1,7.1,7.1,7.1,2225
2023-05-05,7.1,7.1,7.1,7.1,291
2023-05-08,7.4,7.4,7.4,7.4,2653
2023-05-09,7.4,7.4,7.4,7.4,2852
2023-05-10,7.6,7.6,7.6,7.6,3410
2023-05-11,7.6,7.6,7.6,7.6,289
2023-05-12,7.7,7.7,7.7,7.7,701
2023-05-15,7.6,7.6,7.6,7.6,8
2023-05-16,7.6,7.6,7.6,7.6,793
2023-05-17,7.6,7.6,7.6,7.6,1632
2023-05-18,7.6,7.6,7.6,7.6,1521
2023-05-19,7.6,7.6,7.6,7.6,6271
2023-05-23,7.9,7.9,7.9,7.9,30
2023-05-24,7.9,7.9,7.9,7.9,27
2023-05-25,7.7,7.7,7.7,7.7,5760
2023-05-26,7.7,7.7,7.7,7.7,130
2023-05-29,7.9,7.9,7.9,7.9,2253
2023-05-30,7.8,7.8,7.8,7.8,4115
2023-05-31,7.8,7.8,7.8,7.8,0
2023-06-01,7.9,7.9,7.9,7.9,3020
2023-06-02,7.9,7.9,7.9,7.9,199
2023-06-05,7.8,7.8,7.8,7.8,100
2023-06-06,7.8,7.8,7.8,7.8,2265
2023-06-07,7.7,7.7,7.7,7.7,3730
2023-06-08,7.9,7.9,7.9,7.9,12
2023-06-13,7.6,7.6,7.6,7.6,5329
2023-06-14,8.0,8.0,8.0,8.0,49
2023-06-15,8.0,8.0,8.0,8.0,100
2023-06-16,8.1,8.1,8.1,8.1,133
2023-06-20,8.3,8.3,8.3,8.3,518
2023-06-21,8.4,8.4,8.4,8.4,135
2023-06-22,8.5,8.5,8.5,8.5,263
2023-06-23,8.5,8.5,8.5,8.5,88
2023-06-26,8.6,8.6,8.6,8.6,52
2023-06-27,8.5,8.5,8.5,8.5,195
2023-06-28,8.5,8.5,8.5,8.5,1
2023-06-29,8.6,8.6,8.6,8.6,250
2023-06-30,8.3,8.3,8.3,8.3,868
2023-07-04,8.3,8.3,8.3,8.3,130
2023-07-06,8.6,8.6,8.6,8.6,1
2023-07-07,8.4,8.4,8.4,8.4,118
2023-07-10,8.5,8.5,8.5,8.5,25
2023-07-11,8.5,8.5,8.5,8.5,166
2023-07-12,8.5,8.5,8.5,8.5,506
2023-07-13,8.3,8.3,8.3,8.3,64
2023-07-14,8.0,8.0,8.0,8.0,15065
2023-07-17,8.5,8.5,8.5,8.5,1510
2023-07-18,8.5,8.5,8.5,8.5,66417
2023-07-19,8.5,8.5,8.5,8.5,0
2023-07-20,8.5,8.5,8.5,8.5,1271
2023-07-21,8.5,8.5,8.5,8.5,210
2023-07-25,8.5,8.5,8.5,8.5,160
2023-07-26,8.5,8.5,8.5,8.5,97
2023-07-27,8.6,8.6,8.6,8.6,1827
2023-07-28,8.8,8.8,8.8,8.8,529
2023-07-31,8.9,8.9,8.9,8.9,1607
2023-08-01,9.1,9.1,9.1,9.1,639
2023-08-02,9.2,9.2,9.2,9.2,587
2023-08-03,9.4,9.4,9.4,9.4,36554
2023-08-04,9.4,9.4,9.4,9.4,51
2023-08-07,9.6,9.6,9.6,9.6,750
2023-08-08,9.5,9.5,9.5,9.5,2650
2023-08-09,10.0,10.0,10.0,10.0,17
2023-08-10,9.7,9.7,9.7,9.7,2420
2023-08-11,10.0,10.0,10.0,10.0,232
2023-08-15,10.2,10.2,10.2,10.2,827
2023-08-16,11.0,11.0,11.0,11.0,10444
2023-08-17,11.2,11.2,11.2,11.2,619
2023-08-18,11.3,11.3,11.3,11.3,9511
2023-08-21,11.5,11.5,11.5,11.5,1079
2023-08-22,12.0,12.0,12.0,12.0,2724
2023-08-23,12.0,12.0,12.0,12.0,26
2023-08-24,12.4,12.4,12.4,12.4,542
2023-08-25,12.4,12.4,12.4,12.4,2027
2023-08-28,12.7,12.7,12.7,12.7,651
2023-08-29,12.7,12.7,12.7,12.7,538
2023-08-30,12.7,12.7,12.7,12.7,200
2023-08-31,13.0,13.0,13.0,13.0,941
2023-09-01,13.8,13.8,13.8,13.8,1819
2023-09-04,13.0,13.0,13.0,13.0,120
2023-09-05,13.8,13.8,13.8,13.8,278
2023-09-06,13.8,13.8,13.8,13.8,0
2023-09-07,13.7,13.7,13.7,13.7,23
2023-09-08,13.7,13.7,13.7,13.7,2651
2023-09-12,13.8,13.8,13.8,13.8,149
2023-09-13,13.8,13.8,13.8,13.8,4836
2023-09-14,13.8,13.8,13.8,13.8,96
2023-09-15,13.4,13.4,13.4,13.4,4235
2023-09-18,13.4,13.4,13.4,13.4,0
2023-09-19,13.9,13.9,13.9,13.9,60
2023-09-20,13.8,13.8,13.8,13.8,24
2023-09-21,13.8,13.8,13.8,13.8,119
2023-09-22,13.8,13.8,13.8,13.8,373
2023-09-25,13.8,13.8,13.8,13.8,59
2023-09-26,13.8,13.8,13.8,13.8,52
2023-09-27,13.2,13.2,13.2,13.2,242
2023-09-28,14.3,14.3,14.3,14.3,208
2023-09-29,14.5,14.5,14.5,14.5,1589
2023-10-02,15.0,15.0,15.0,15.0,50103
2023-10-03,15.0,15.0,15.0,15.0,120185
2023-10-04,16.2,16.2,16.2,16.2,123
2023-10-05,16.0,16.0,16.0,16.0,844
2023-10-06,16.5,16.5,16.5,16.5,1102
2023-10-09,16.5,16.5,16.5,16.5,0
2023-10-10,16.8,16.8,16.8,16.8,653
2023-10-11,16.8,16.8,16.8,16.8,110
2023-10-13,16.8,16.8,16.8,16.8,0
2023-10-16,20.7,20.7,20.7,20.7,146
2023-10-17,20.9,20.9,20.9,20.9,193
2023-10-18,20.9,20.9,20.9,20.9,265
2023-10-19,20.9,20.9,20.9,20.9,39
2023-10-20,20.9,20.9,20.9,20.9,1639
2023-10-23,25.1,25.1,25.1,25.1,106
2023-10-24,24.9,24.9,24.9,24.9,1
2023-10-25,24.7,24.7,24.7,24.7,41
2023-10-26,19.9,19.9,19.9,19.9,30
2023-10-27,23.8,23.8,23.8,23.8,3441
2023-10-31,23.8,23.8,23.8,23.8,2078
2023-11-01,23.4,23.4,23.4,23.4,201
2023-11-02,23.4,23.4,23.4,23.4,1126
2023-11-03,22.9,22.9,22.9,22.9,1216
2023-11-07,22.9,22.9,22.9,22.9,0
2023-11-08,21.9,21.9,21.9,21.9,297
2023-11-09,21.9,21.9,21.9,21.9,688
2023-11-10,21.4,21.4,21.4,21.4,100100
2023-11-13,20.8,20.8,20.8,20.8,249
2023-11-14,20.8,20.8,20.8,20.8,11
2023-11-15,19.9,19.9,19.9,19.9,382
2023-11-16,19.7,19.7,19.7,19.7,769
2023-11-17,17.0,17.0,17.0,17.0,479
2023-11-20,17.0,17.0,17.0,17.0,100
2023-11-21,17.8,17.8,17.8,17.8,1080
2023-11-22,19.4,19.4,19.4,19.4,2364
2023-11-23,19.5,19.5,19.5,19.5,1000
2023-11-24,18.5,18.5,18.5,18.5,3209
2023-11-27,19.2,19.2,19.2,19.2,290
2023-11-28,18.5,18.5,18.5,18.5,107
2023-11-29,18.5,18.5,18.5,18.5,49
2023-11-30,19.0,19.0,19.0,19.0,2
2023-12-01,18.4,18.4,18.4,18.4,153
2023-12-04,18.4,18.4,18.4,18.4,310
2023-12-05,18.4,18.4,18.4,18.4,82
2023-12-06,18.4,18.4,18.4,18.4,0
2023-12-07,18.4,18.4,18.4,18.4,4652
2023-12-08,18.5,18.5,18.5,18.5,172
2023-12-12,19.0,19.0,19.0,19.0,316
2023-12-13,18.5,18.5,18.5,18.5,1194
2023-12-14,18.5,18.5,18.5,18.5,1093
2023-12-15,18.5,18.5,18.5,18.5,5
2023-12-18,18.5,18.5,18.5,18.5,20
2023-12-19,18.5,19.0,18.5,19.0,858
2023-12-20,19.0,19.0,18.5,18.5,860
2023-12-21,18.5,18.5,18.5,18.5,391
2023-12-22,18.5,19.0,19.0,19.0,116
2023-12-26,19.0,19.0,19.0,19.0,369
2023-12-27,19.0,19.0,19.0,19.0,221
2023-12-28,19.0,19.0,19.0,19.0,6180
2023-12-29,19.0,19.0,19.0,19.0,0
2024-01-02,19.0,18.9,18.9,18.9,37
2024-01-03,18.9,18.9,18.0,18.9,657
2024-01-04,18.9,18.9,18.2,18.9,17
2024-01-05,18.9,18.0,18.0,18.0,161
2024-01-08,18.0,18.0,18.0,18.0,48
2024-01-09,18.0,18.0,18.0,18.0,106
2024-01-10,18.0,18.6,18.0,18.6,100
2024-01-11,18.6,18.7,18.0,18.7,2283
2024-01-12,18.7,18.7,18.7,18.7,28
2024-01-15,18.7,18.7,18.7,18.7,62
2024-01-16,18.7,18.7,18.7,18.7,10
2024-01-17,18.7,18.7,18.7,18.7,0
2024-01-18,18.7,18.7,18.0,18.0,2587
2024-01-19,18.0,18.6,18.0,18.6,903
2024-01-22,18.6,18.6,18.6,18.6,0
2024-01-23,18.6,18.6,18.6,18.6,294
2024-01-24,18.6,18.6,18.0,18.6,282
2024-01-25,18.6,18.6,18.5,18.5,1577
2024-01-26,18.0,18.6,17.9,18.0,1000
2024-01-29,18.0,18.4,18.4,18.4,22
2024-01-30,18.4,18.4,18.4,18.4,0
2024-01-31,18.4,17.9,17.7,17.7,409
2024-02-01,17.7,17.9,17.8,17.8,750
2024-02-02,17.8,17.8,17.7,17.7,169
2024-02-05,17.7,17.6,17.0,17.1,381
2024-02-06,17.1,17.0,16.9,16.9,159
2024-02-07,15.5,15.5,15.5,15.5,100100
2024-02-08,15.5,17.5,17.0,17.0,186
2024-02-09,17.0,17.1,17.1,17.0,770
2024-02-14,17.0,17.4,17.0,17.0,110
2024-02-15,17.0,16.9,16.9,16.9,52
2024-02-16,16.9,16.9,16.9,16.9,65
2024-02-19,16.9,16.9,16.7,16.7,1018
2024-02-20,16.7,16.7,16.7,16.7,35
2024-02-21,16.7,16.7,16.7,16.7,5000
2024-02-22,16.7,16.7,16.7,16.7,108
2024-02-23,16.0,16.0,16.0,16.0,552
2024-02-26,16.0,16.0,16.0,16.0,925
2024-02-27,16.0,16.0,16.0,16.0,0
2024-02-28,16.0,16.0,16.0,16.0,0
2024-02-29,15.7,15.7,15.7,15.7,36
2024-03-01,15.5,15.5,15.5,15.5,4740
2024-03-04,15.5,15.0,13.5,14.9,305
2024-03-05,14.9,14.8,14.8,14.9,893
2024-03-06,14.9,14.8,14.8,14.8,190
2024-03-07,14.8,14.8,14.0,14.7,514
2024-03-08,14.7,14.7,14.7,14.7,100
2024-03-11,14.7,14.7,14.6,14.6,896
2024-03-12,14.6,14.6,14.6,14.6,50
2024-03-13,14.6,14.5,14.4,14.4,290
2024-03-14,14.4,14.3,14.3,14.3,1797
2024-03-15,14.3,13.8,13.8,13.8,900
2024-03-18,13.8,14.4,11.5,14.4,843
2024-03-20,14.4,14.4,14.0,14.0,2477
2024-03-21,14.0,14.5,14.0,14.0,602
2024-03-22,14.0,14.0,14.0,14.0,135
2024-03-25,14.0,14.0,14.0,14.0,1496
2024-03-26,14.0,15.0,15.0,15.0,404
2024-03-27,15.0,15.5,15.5,15.0,1023
2024-04-01,15.0,15.5,15.5,15.5,109
2024-04-02,15.5,15.5,14.0,15.3,588
2024-04-03,15.3,15.5,15.0,15.0,2000
2024-04-04,15.0,15.5,15.0,15.5,100
2024-04-05,15.5,15.5,15.5,15.5,0
2024-04-09,15.5,15.5,15.5,15.5,1188
2024-04-10,15.5,15.5,13.1,15.5,580
2024-04-11,15.5,15.5,15.4,15.4,349
2024-04-12,15.4,15.7,15.5,15.7,2366
2024-04-15,16.0,16.0,15.9,16.0,760
2024-04-16,16.0,16.0,14.5,16.0,1261
2024-04-17,16.0,16.0,16.0,16.0,500
2024-04-18,16.0,16.0,16.0,16.0,1500
2024-04-22,16.0,15.9,15.5,15.9,1228
2024-04-23,15.9,15.9,15.9,15.9,580
2024-04-24,15.9,18.5,15.9,18.5,3500
2024-04-25,18.5,19.4,19.4,18.5,20
2024-04-26,18.5,18.5,16.0,17.5,120
2024-04-29,17.5,17.5,17.0,17.0,3950
2024-04-30,17.5,17.5,17.5,17.5,2500
2024-05-02,17.5,17.9,17.9,17.9,1500
2024-05-03,17.9,17.9,15.0,17.9,57
2024-05-06,17.9,17.9,17.9,17.9,45
2024-05-07,17.9,17.5,17.5,17.5,35
2024-05-08,17.5,17.3,17.0,17.2,3661
2024-05-09,17.2,17.3,17.3,17.3,1735
2024-05-10,17.2,17.3,17.2,17.2,2480
2024-05-14,17.0,17.0,17.0,17.0,4000
2024-05-15,17.0,19.0,19.0,17.0,10
2024-05-16,17.0,17.0,17.0,17.0,0
2024-05-17,18.5,18.5,17.6,17.6,178
2024-05-20,17.6,18.0,18.0,18.0,1532
2024-05-21,17.9,20.0,17.0,17.9,800
2024-05-22,17.9,17.9,17.9,17.9,1108
2024-05-23,17.9,17.9,17.9,17.9,2000
2024-05-24,17.9,17.9,17.9,17.9,55
2024-05-27,17.9,17.9,17.9,17.9,0
2024-05-28,17.9,17.9,17.9,17.9,17
2024-05-29,17.9,17.9,17.9,17.9,10
2024-05-30,17.9,18.0,17.9,18.0,462
2024-05-31,18.0,18.0,18.0,18.0,200
2024-06-04,18.0,18.0,18.0,18.0,4914
2024-06-05,18.0,18.0,17.9,17.9,290
2024-06-06,17.9,17.9,17.9,17.9,0
2024-06-07,17.9,17.9,17.9,17.9,552
2024-06-10,17.9,17.9,17.9,17.9,169
2024-06-11,17.9,17.9,17.9,17.9,0
2024-06-12,17.8,17.8,17.8,17.8,1354
2024-06-13,17.8,17.8,17.5,17.5,2473
2024-06-14,17.5,17.8,17.5,17.5,107
2024-06-18,17.5,17.9,17.9,17.9,30
2024-06-19,17.9,17.9,17.9,17.9,20
2024-06-20,17.9,17.9,17.4,17.5,150
2024-06-21,17.5,17.1,17.0,17.0,2255
2024-06-25,17.0,17.9,17.0,17.9,624
2024-06-26,17.9,17.8,17.7,17.8,495
2024-06-27,17.0,17.0,17.0,17.0,120527
2024-06-28,17.0,17.8,17.0,17.8,2172
2024-07-01,17.8,17.5,17.2,17.5,3
2024-07-02,17.5,20.4,19.8,20.4,55000
2024-07-03,20.4,20.4,20.4,20.4,1300
2024-07-04,20.4,20.5,20.0,20.5,8970
2024-07-08,20.5,20.5,18.5,18.5,214
2024-07-09,18.5,19.5,19.4,19.5,403
2024-07-10,19.5,22.9,22.8,22.8,837
2024-07-11,22.8,22.8,20.9,22.8,1183
2024-07-12,22.8,24.9,22.8,24.9,50
2024-07-15,24.9,22.9,22.8,22.8,4650
2024-07-16,22.8,22.9,22.7,22.7,1000
2024-07-17,22.4,22.4,20.0,22.4,1851
2024-07-18,22.4,22.4,20.9,20.9,35
2024-07-19,20.9,22.4,20.0,20.9,13
2024-07-22,20.9,22.9,20.0,20.5,172
2024-07-23,20.5,22.8,20.0,20.9,391
2024-07-25,20.9,22.4,20.5,21.4,15893
2024-07-26,22.9,22.9,21.4,22.9,34822
2024-07-29,22.9,24.9,24.9,24.9,800
2024-07-30,24.9,24.9,24.9,24.9,0
2024-07-31,24.9,24.9,24.9,24.9,0
2024-08-01,24.9,24.9,24.9,24.9,500
2024-08-02,24.9,24.9,24.9,24.9,47
2024-08-05,24.9,24.9,24.8,24.8,31
2024-08-06,24.8,24.9,20.9,20.9,298
2024-08-07,20.9,24.9,24.6,24.6,169
2024-08-08,24.6,24.6,24.6,24.6,13
2024-08-09,24.6,24.6,24.6,24.6,155
2024-08-12,24.6,24.6,20.9,20.9,735
2024-08-13,20.9,24.6,23.4,23.4,160
2024-08-14,23.4,23.2,22.4,22.4,170
2024-08-15,22.4,22.4,22.3,22.4,16
2024-08-16,22.4,22.4,21.8,21.8,212
2024-08-20,21.8,21.8,21.8,21.8,312
2024-08-21,21.8,22.4,21.9,21.9,7485
2024-08-22,21.9,21.9,21.9,21.9,7550
2024-08-23,21.9,24.8,22.4,24.8,2258
2024-08-26,24.8,24.8,24.8,24.8,3004
2024-08-27,24.8,24.8,22.9,23.4,500
2024-08-28,23.4,23.9,23.9,23.9,100075
2024-08-29,23.9,23.9,23.9,23.9,154
2024-08-30,23.9,23.9,23.9,23.9,0
2024-09-02,23.9,23.9,23.9,23.9,20
2024-09-03,23.9,23.9,23.4,23.7,45
2024-09-04,23.7,23.7,23.6,23.6,335
2024-09-05,23.6,23.9,22.9,22.9,107
2024-09-06,22.9,23.9,23.9,23.9,513
2024-09-09,23.9,22.9,22.9,22.9,265
2024-09-10,22.9,26.9,26.9,26.9,2600
2024-09-11,25.9,25.9,24.9,25.9,2190
2024-09-12,25.9,25.4,25.4,25.4,2400
2024-09-13,25.4,25.5,24.7,24.7,205
2024-09-17,24.7,25.4,25.3,25.3,337
2024-09-18,25.3,25.4,24.9,24.9,8005
2024-09-19,24.9,25.2,25.2,25.2,235
2024-09-20,25.2,25.2,25.2,25.2,100
2024-09-23,25.2,24.9,24.9,24.9,827
2024-09-24,24.9,24.9,24.9,24.9,0
2024-09-25,23.4,23.9,22.9,23.4,296
2024-09-26,23.4,23.4,22.9,22.9,180
2024-09-27,22.9,22.9,22.9,22.9,0
2024-09-30,22.9,22.9,22.9,22.9,500
2024-10-01,21.9,22.3,22.3,22.3,62
2024-10-02,22.3,22.3,22.3,22.3,0
2024-10-03,22.3,22.3,22.3,22.3,1087
2024-10-04,22.3,22.3,22.3,22.3,321
2024-10-07,22.3,22.8,22.8,22.8,61
2024-10-08,22.8,22.8,22.8,22.8,216
2024-10-09,22.8,22.8,22.8,22.8,1165
2024-10-10,22.8,22.9,22.8,22.9,6599
2024-10-11,22.9,24.6,24.6,24.6,1050
2024-10-14,24.6,25.4,25.4,24.6,9
2024-10-15,26.4,26.4,26.4,26.4,2700
2024-10-16,26.4,26.4,26.4,26.4,348
2024-10-17,26.4,26.4,26.4,26.4,694
2024-10-18,26.4,26.4,26.4,26.4,19
2024-10-21,26.4,26.4,26.4,26.4,100224
2024-10-22,26.4,26.4,26.4,26.4,4000
2024-10-23,13.2,13.2,12.7,13.2,64
2024-10-24,13.2,12.7,11.2,12.7,1026
2024-10-25,12.7,12.7,12.7,12.7,20
2024-10-28,12.7,12.7,12.6,12.6,33176
2024-10-29,12.6,12.6,12.6,12.6,60
2024-10-30,12.6,12.7,12.7,12.7,184
2024-10-31,12.7,12.7,12.7,12.7,446
2024-11-01,25.4,25.4,25.4,25.4,3000
2024-11-05,25.4,25.0,24.0,25.0,16901
2024-11-06,24.0,25.0,22.0,24.0,3370
2024-11-07,24.0,23.8,23.0,23.6,584
2024-11-08,23.6,23.6,23.6,23.6,4280
2024-11-11,23.6,23.6,21.5,23.5,7675
2024-11-12,23.5,23.5,22.0,22.8,10
2024-11-13,22.8,23.4,22.8,22.8,2467
2024-11-14,22.8,23.0,22.8,23.0,521
2024-11-15,23.0,22.8,20.0,22.7,107
2024-11-19,22.7,22.7,22.6,22.6,784
2024-11-20,23.0,23.5,19.0,23.0,7718
2024-11-21,23.0,23.0,22.5,22.5,3500
2024-11-22,22.5,22.5,22.5,22.5,111
2024-11-25,22.5,23.0,22.5,22.5,720
2024-11-26,22.5,22.5,22.4,22.4,3350
2024-11-27,22.4,22.5,22.5,22.5,190
2024-11-28,22.5,22.5,22.3,22.5,695
2024-11-29,22.5,22.0,22.0,22.5,10
2024-12-02,22.5,22.0,21.5,22.0,167
2024-12-03,22.0,22.0,21.8,22.0,2876
2024-12-04,22.0,22.0,21.9,21.9,103
2024-12-05,20.0,22.0,20.0,20.0,31000
2024-12-06,20.0,20.0,19.0,20.0,340
2024-12-09,20.0,21.0,21.0,20.0,3
2024-12-10,20.0,20.0,20.0,20.0,10683
2024-12-11,21.0,21.0,20.0,21.0,18000
2024-12-12,21.0,21.0,21.0,21.0,8000
2024-12-13,21.0,21.0,21.0,21.0,266
2024-12-16,20.0,20.5,20.0,20.5,427
2024-12-17,20.5,20.0,20.0,20.0,726
2024-12-18,20.0,20.5,20.0,20.5,692
2024-12-19,20.5,20.5,19.0,20.5,3000
2024-12-20,20.5,21.5,20.5,21.5,710
2024-12-23,21.5,22.9,22.9,21.5,44
2024-12-26,21.5,23.1,21.6,23.0,142
2024-12-27,23.0,21.6,21.6,21.6,8474
2024-12-30,21.6,25.2,24.0,24.9,309
2025-01-02,24.9,24.9,24.9,24.9,0
2025-01-03,24.9,25.2,23.8,25.2,1002
2025-01-07,25.2,26.5,25.2,26.5,1982
2025-01-08,26.5,26.5,26.0,26.5,43
2025-01-09,26.5,26.0,25.0,25.0,3200
2025-01-10,25.0,25.5,25.0,25.0,16
2025-01-14,25.0,25.0,25.0,25.0,940
2025-01-15,25.0,25.0,25.0,25.0,497
2025-01-16,25.0,25.0,25.0,25.0,172
2025-01-17,25.0,24.0,23.0,24.0,7016
2025-01-20,25.0,25.0,25.0,25.0,246
2025-01-21,25.0,25.0,22.5,25.0,1400
2025-01-22,25.0,25.0,24.0,25.0,4984
2025-01-23,25.0,26.0,25.5,25.5,500
2025-01-24,25.5,26.0,26.0,26.0,10000
2025-01-27,26.0,27.5,26.0,27.3,3680
2025-01-28,27.0,27.3,27.0,27.0,15000
2025-01-29,27.0,27.0,27.0,27.0,623
2025-01-30,27.0,27.0,27.0,27.0,800
2025-01-31,27.0,27.0,26.0,27.0,136
2025-02-03,27.0,27.0,27.0,27.0,470
2025-02-04,27.0,27.0,27.0,27.0,0
2025-02-05,27.0,27.0,27.0,27.0,0
2025-02-06,27.0,27.9,26.9,27.0,36
2025-02-07,27.0,26.5,26.5,26.5,100
2025-02-10,26.5,26.9,26.9,26.9,33
2025-02-11,26.9,27.0,26.7,26.9,1382
2025-02-12,26.9,27.0,26.5,27.0,14742
2025-02-13,27.0,27.0,27.0,27.0,937
2025-02-14,27.0,27.0,27.0,27.0,20
2025-02-17,27.0,27.0,26.0,26.0,174
2025-02-18,26.0,27.0,26.9,27.0,2324
2025-02-19,27.0,27.1,27.0,27.1,2150
2025-02-20,27.1,27.3,27.0,27.3,33564
2025-02-21,27.3,27.4,27.3,27.4,3640
2025-02-24,27.4,29.2,27.5,29.2,7415
2025-02-25,29.2,34.9,29.2,34.9,5830
2025-02-26,34.9,34.9,34.9,34.9,18
2025-02-27,34.9,34.8,34.8,34.8,500
2025-02-28,34.8,34.7,34.4,34.7,1100
2025-03-05,17.4,17.5,16.5,16.7,127184
2025-03-06,16.7,16.7,16.5,16.7,2620
2025-03-07,16.7,16.7,16.5,16.7,2046
2025-03-10,16.7,17.6,16.5,16.5,1272
2025-03-11,16.5,16.7,16.0,16.7,3000
2025-03-12,33.4,33.5,33.4,33.4,698
2025-03-13,33.4,33.5,33.4,33.5,17266
2025-03-14,32.6,33.4,33.0,33.0,1544
2025-03-17,33.0,33.0,33.0,33.0,0
2025-03-18,33.4,33.4,33.0,33.4,3387
2025-03-20,33.4,36.4,33.4,36.1,464
2025-03-21,36.1,41.0,36.4,41.0,1600
2025-03-24,41.0,38.0,38.0,41.0,110
2025-03-25,41.0,38.9,38.5,38.9,902
2025-03-26,41.0,41.3,39.0,41.0,1700
2025-03-27,41.0,42.4,41.1,41.1,3300
2025-03-28,41.1,42.4,41.7,41.7,1268
2025-03-31,41.7,41.7,38.0,38.0,1303
2025-04-01,38.0,41.4,40.4,40.4,147
2025-04-02,40.4,40.4,40.4,40.4,127
2025-04-03,40.4,41.2,40.3,40.4,21
2025-04-04,40.4,40.4,40.4,40.4,2500
2025-04-07,40.4,42.9,42.9,42.9,346
2025-04-08,42.9,40.9,40.4,40.4,3702
2025-04-09,40.4,40.9,39.0,40.9,6885
2025-04-10,40.9,40.9,40.8,40.9,135
2025-04-11,40.9,40.8,40.8,40.9,13
2025-04-14,40.9,40.8,40.4,40.4,81
2025-04-15,40.4,40.7,40.6,40.6,1541
2025-04-16,40.6,40.7,40.6,40.6,16506
2025-04-21,40.6,40.6,40.6,40.6,388
2025-04-22,40.6,40.6,40.5,40.6,16500
2025-04-23,40.6,40.4,40.4,40.6,10
2025-04-24,39.9,39.9,39.9,39.9,170
2025-04-25,40.0,43.4,40.0,43.4,401
2025-04-28,43.4,43.4,43.4,43.4,1840
2025-04-29,43.4,43.4,40.9,40.9,2603
2025-04-30,40.9,42.9,41.9,41.9,106
2025-05-02,41.9,41.9,41.9,41.9,70
2025-05-05,41.9,41.9,39.9,39.9,1095
2025-05-06,42.9,42.9,40.9,42.9,1000
2025-05-07,42.9,42.9,42.4,42.9,394
2025-05-08,42.3,42.3,41.4,42.3,1700
2025-05-09,42.3,42.3,40.9,42.3,2244
2025-05-12,42.3,42.4,39.9,42.4,1677
2025-05-13,42.4,42.4,42.4,42.4,90
2025-05-14,42.4,42.4,40.9,42.4,436
2025-05-15,42.9,42.9,40.9,42.9,206
2025-05-16,42.9,43.4,42.9,43.4,1174
2025-05-19,43.4,45.9,43.4,45.9,1122
2025-05-20,45.9,45.9,42.9,45.9,1065
2025-05-21,45.9,46.2,44.9,45.0,921
2025-05-22,50.9,50.9,44.9,50.9,1500
2025-05-23,55.9,58.9,55.9,55.9,2248
2025-05-26,55.9,55.9,55.9,55.9,846
2025-05-27,55.9,55.9,55.9,55.9,2750
2025-05-28,55.9,55.9,54.9,55.8,500
2025-05-29,55.8,55.8,55.8,55.8,2025
2025-05-30,55.8,55.8,55.8,55.8,43
2025-06-03,55.8,55.8,55.8,55.8,116
2025-06-04,55.8,55.8,55.8,55.8,2191
2025-06-05,57.8,57.9,57.8,57.8,4717
2025-06-06,55.9,57.7,55.9,55.9,41294
2025-06-09,55.9,55.6,55.6,55.9,2738
2025-06-10,54.9,55.8,50.9,54.9,1000
2025-06-11,54.9,54.9,54.9,54.9,2600
2025-06-12,54.9,54.9,53.9,53.9,1287
2025-06-13,53.9,53.9,53.9,53.9,2000
2025-06-17,53.9,54.4,52.4,53.9,236
2025-06-18,53.9,53.9,53.9,53.9,178
2025-06-19,53.9,53.9,53.9,53.9,800
2025-06-20,53.9,53.8,53.8,53.8,100
2025-06-25,53.8,54.9,52.9,52.9,479
2025-06-26,52.9,53.9,52.9,53.9,5000
2025-06-27,53.9,53.4,52.9,52.9,357
2025-06-30,52.9,52.9,52.9,52.9,0
2025-07-01,52.9,53.9,52.9,53.9,359
2025-07-02,53.9,54.9,51.9,52.4,191
2025-07-03,52.4,54.8,54.8,52.4,9
2025-07-04,52.4,53.9,53.9,53.9,2188
2025-07-07,53.9,55.4,53.9,53.9,275
2025-07-08,53.9,55.4,53.9,55.4,1418
2025-07-09,53.9,55.1,53.9,53.9,1850
2025-07-10,53.9,55.1,53.4,53.9,3238
2025-07-11,53.9,53.9,53.9,53.9,2000
2025-07-14,53.9,55.9,52.9,55.9,3088
2025-07-15,55.9,55.9,53.9,53.9,3152
2025-07-16,53.9,53.9,53.9,53.9,0
2025-07-17,53.9,54.9,54.9,54.9,185
2025-07-18,54.9,57.9,54.9,56.9,2461
2025-07-21,56.9,57.9,55.9,57.9,1343
2025-07-22,57.9,60.7,59.4,59.4,758
2025-07-23,59.9,59.9,59.9,59.9,1500
2025-07-25,59.9,59.9,59.9,59.9,1145
2025-07-28,59.9,59.9,59.9,59.9,148
2025-07-29,59.9,59.9,56.2,56.2,686
2025-07-30,56.2,59.9,57.9,57.9,2200
2025-07-31,57.9,57.9,57.9,57.9,3000
2025-08-01,57.9,57.9,55.9,57.9,437
2025-08-04,57.9,57.9,57.9,57.9,62
2025-08-05,59.4,59.9,59.4,59.4,500
2025-08-06,59.4,59.4,57.9,59.3,700
2025-08-07,59.3,64.9,59.4,64.9,2534
2025-08-08,64.9,74.9,69.9,74.9,1262
2025-08-11,74.9,74.9,74.9,74.9,955
2025-08-12,74.9,74.9,66.9,74.4,200
2025-08-13,74.4,74.4,74.4,74.4,1600
2025-08-14,74.4,74.4,74.4,74.4,466
2025-08-15,74.4,74.4,74.4,74.4,2502
2025-08-19,74.4,77.9,74.4,76.9,3204
2025-08-20,76.9,77.9,76.9,77.9,1600
2025-08-21,77.9,77.9,77.9,77.9,2386
2025-08-22,77.9,86.9,77.9,86.9,2591
2025-08-25,86.9,89.4,86.9,86.9,1112
2025-08-26,86.9,89.4,77.9,84.9,1090
2025-08-27,89.9,89.9,86.9,89.9,1500
2025-08-28,89.9,101.9,86.9,89.9,32
2025-08-29,89.9,101.9,97.4,98.8,1035
2025-09-01,98.8,99.7,95.8,95.8,693
2025-09-02,95.8,104.9,92.9,104.9,3000
2025-09-03,104.9,104.9,104.9,104.9,1500
2025-09-04,104.9,124.8,106.9,124.8,1600
2025-09-05,124.8,124.8,122.8,122.8,271
2025-09-08,122.8,129.8,109.9,124.8,214
2025-09-09,124.8,122.8,104.9,117.9,3269
2025-09-10,117.9,117.9,109.9,109.9,934
2025-09-11,109.9,112.9,109.9,109.9,5000
2025-09-12,104.8,104.9,104.8,104.8,9408
2025-09-16,104.8,109.9,94.9,99.9,459
2025-09-17,99.9,104.9,94.9,99.9,619
2025-09-18,99.9,102.4,94.9,99.9,758
2025-09-19,99.9,99.9,95.9,99.9,3925
2025-09-22,99.9,104.9,98.4,104.9,3645
2025-09-23,104.9,106.9,100.4,106.9,1000
2025-09-24,106.9,127.8,119.8,127.8,743
2025-09-25,127.8,142.8,131.8,140.8,439
2025-09-26,140.8,138.8,137.8,138.8,7700
2025-09-29,138.8,138.8,129.8,136.8,2000
2025-09-30,98.8,99.7,95.8,95.8,693
2025-10-01,138.8,154.8,144.8,154.7,5000
2025-10-02,154.7,154.8,138.8,154.8,191
2025-10-03,154.8,154.8,154.3,154.8,945
2025-10-06,154.8,159.6,154.8,159.3,920
2025-10-07,159.3,164.7,151.8,161.8,2992
2025-10-08,161.8,166.3,161.8,164.7,1000
2025-10-09,164.7,174.8,166.3,169.8,275
2025-10-10,169.8,176.5,169.8,175.8,2275
2025-10-13,175.8,194.8,176.5,194.8,2000
2025-10-14,194.8,194.8,194.7,194.7,379
2025-10-15,194.7,217.7,189.8,196.7,280
2025-10-16,196.7,219.7,203.7,215.7,500
2025-10-17,215.7,248.7,219.7,244.7,4150
2025-10-21,244.7,273.7,248.7,259.7,753
2025-10-22,259.7,259.7,247.7,248.7,419
2025-10-23,248.7,259.7,208.2,238.7,269
2025-10-24,238.7,239.7,213.7,229.7,1500
2025-10-27,229.7,249.7,229.7,239.7,2236
2025-10-28,240.0,245.0,215.0,245.0,162
2025-10-29,245.0,245.0,214.0,245.0,1723
2025-10-30,244.7,245.0,220.0,245.0,1171
2025-10-31,245.0,240.0,239.0,240.0,5000
2025-11-03,240.0,268.3,250.0,250.0,335
2025-11-04,250.0,245.0,214.0,237.0,20000
2025-11-05,237.0,240.0,239.0,239.0,340
2025-11-06,239.0,239.0,236.0,236.0,680
2025-11-07,236.0,236.0,200.0,234.0,292
2025-11-10,234.0,235.0,210.0,233.0,304
2025-11-11,233.0,234.0,200.0,220.0,199
2025-11-12,220.0,238.0,205.0,230.0,855
2025-11-13,230.0,239.5,210.0,239.5,154
2025-11-14,239.5,239.9,239.0,239.9,327
2025-11-17,239.9,235.0,230.0,239.9,100
2025-11-18,239.9,235.0,210.0,229.0,235
2025-11-19,229.0,235.0,200.0,233.0,1575
2025-11-20,233.0,230.0,225.0,225.0,83
2025-11-21,225.0,225.0,205.0,223.5,150
2025-11-25,223.5,222.0,205.0,222.0,417
2025-11-26,222.0,222.0,220.0,222.0,5000
2025-11-27,222.0,222.0,220.0,220.0,973
2025-11-28,220.0,220.0,202.0,217.0,178
2025-12-01,217.0,225.0,190.0,225.0,199
2025-12-02,225.0,268.3,190.0,225.0,32
2025-12-03,225.0,225.0,191.0,223.0,202
2025-12-04,223.0,223.0,215.0,223.0,446
2025-12-05,223.0,223.0,210.0,220.0,267
2025-12-09,220.0,220.0,200.0,218.0,1023
2025-12-10,218.0,218.0,200.0,217.9,139
2025-12-11,217.9,217.0,185.0,215.0,276
2025-12-12,215.0,220.0,215.0,215.0,185
2025-12-15,215.0,221.6,210.0,210.0,532
2025-12-16,210.0,220.5,185.0,220.5,278
2025-12-17,220.5,220.9,220.9,220.9,114
2025-12-18,220.9,220.9,215.0,220.9,95
2025-12-19,220.9,235.0,215.0,229.0,2687
2025-12-22,229.0,255.0,230.0,250.0,1398
2025-12-23,250.0,250.0,223.8,250.0,1710
2025-12-26,250.0,250.0,249.0,249.0,24522
2025-12-29,249.0,290.0,230.0,290.0,234
2025-12-30,290.0,335.0,315.0,335.0,16000
2026-01-02,335.0,335.0,280.0,335.0,149
2026-01-05,335.0,400.0,335.0,350.0,2205
2026-01-06,350.0,419.5,360.0,360.0,2330
2026-01-07,360.0,431.0,360.0,360.0,103
2026-01-08,360.0,400.0,400.0,360.0,48.0
2026-01-09,360.0,490.0,410.0,490.0,334.0
2026-01-13,490.0,500.0,480.0,490.0,338.0
2026-01-14,490.0,500.0,490.0,500.0,744.0
2026-01-15,500.0,500.0,490.0,500.0,856.0
2026-01-16,500.0,500.0,485.0,500.0,309.0
2026-01-20,500.0,500.0,485.0,495.0,434.0
2026-01-21,495.0,495.0,470.0,470.0,693.0
2026-01-22,470.0,470.0,460.0,465.0,7000.0
2026-01-23,465.0,450.0,418.5,430.0,5200.0
2026-01-26,430.0,430.0,387.5,430.0,911.0
2026-01-27,430.0,430.0,420.0,430.0,3744.0
2026-01-28,430.0,430.0,388.0,388.0,10734.0
2026-01-29,388.0,420.0,388.0,400.0,1626.0
2026-01-30,400.0,430.0,400.0,420.0,13053.0
2026-02-02,420.0,467.0,460.0,467.0,2742.0
2026-02-03,467.0,525.0,500.0,525.0,7422.0
2026-02-04,525.0,630.0,532.0,630.0,2797.0
2026-02-05,630.0,690.0,630.0,645.0,445.0
2026-02-06,645.0,780.0,670.0,780.0,5910.0
2026-02-09,780.0,850.0,750.0,780.0,780.0
2026-02-10,780.0,780.0,630.0,750.0,2222.0
2026-02-11,750.0,790.0,750.0,790.0,1767.0
2026-02-12,790.0,790.0,770.0,790.0,7913.0
2026-02-13,790.0,780.0,635.0,770.0,269.0
2026-02-18,770.0,785.0,690.0,770.0,2588.0
2026-02-19,770.0,770.0,700.0,770.0,950.0
2026-02-20,770.0,770.0,630.0,770.0,137550.0
2026-02-23,770.0,785.0,660.0,770.0,227.0
2026-02-24,770.0,785.0,783.0,784.0,5072.0
2026-02-25,784.0,800.0,784.0,785.0,1969.0
2026-02-26,785.0,800.0,790.0,790.0,2001.0
2026-02-27,790.0,790.0,790.0,790.0,82.0
2026-03-02,790.0,801.0,635.0,800.0,1573.0
2026-03-03,800.0,857.0,809.0,829.0,5134.0
2026-03-04,829.0,926.0,860.0,900.0,6280.0
2026-03-05,900.0,975.0,926.0,970.0,3210.0
2026-03-06,970.0,978.0,970.0,970.0,1040.0
2026-03-09,970.0,978.0,950.0,970.0
2026-03-10,970.0,978.0,940.0,978.0
2026-03-11,978.0,978.0,975.0,978.0
2026-03-12,978.0,978.0,850.0,920.0
2026-03-13,920.0,977.95,948.0,950.0
2026-03-16,950.0,880.0,850.0,875.0
2026-03-17,875.0,880.0,870.0,873.0
2026-03-18,873.0,880.0,850.0,850.0
2026-03-20,850.0,880.0,700.0,878.0
2026-03-23,878.0,880.0,703.0,755.0
2026-03-24,755.0,877.99,605.0,877.99
2026-03-25,877.99,877.0,706.0,859.0
2026-03-26,859.0,859.0,706.0,849.99
2026-03-27,849.99,849.99,705.01,848.99
2026-03-30,848.99,850.0,730.0,849.0
2026-03-31,849.0,850.0,750.0,849.0
