Date,Apert._USD,Cierre_USD,Max._USD,Min._USD,efectivo_USD
2026-01-02,0.180,0.211,0.214,0.146,209.721
2025-12-30,0.156,0.184,0.188,0.139,1378.651
2025-12-29,0.139,0.156,0.162,0.146,186.780
2025-12-26,0.140,0.142,0.142,0.138,328.214
2025-12-23,0.149,0.140,0.149,0.128,127.147
2025-12-22,0.142,0.149,0.160,0.117,195.172
2025-12-19,0.130,0.145,0.149,0.122,489.236
2025-12-18,0.134,0.132,0.135,0.121,103.074
2025-12-17,0.136,0.134,0.135,0.121,173.112
2025-12-16,0.146,0.140,0.146,0.125,309.494
2025-12-15,0.146,0.146,0.147,0.125,252.424
2025-12-12,0.151,0.150,0.151,0.128,167.782
2025-12-11,0.151,0.151,0.151,0.124,162.936
2025-12-10,0.151,0.151,0.152,0.129,372.127
2025-12-09,0.142,0.151,0.159,0.140,201.031
2025-12-05,0.145,0.147,0.147,0.141,198.212
2025-12-04,0.145,0.145,0.147,0.141,365.026
2025-12-03,0.145,0.146,0.148,0.138,180.036
2025-12-02,0.147,0.146,0.167,0.135,206.732
2025-12-01,0.150,0.148,0.150,0.136,298.944
2025-11-28,0.148,0.150,0.152,0.130,259.242
2025-11-27,0.148,0.148,0.157,0.136,121.893
2025-11-26,0.155,0.148,0.155,0.132,130.594
2025-11-25,0.153,0.155,0.169,0.149,335.493
2025-11-21,0.160,0.156,0.160,0.146,143.813
2025-11-20,0.148,0.161,0.161,0.148,118.603
2025-11-19,0.163,0.148,0.163,0.138,322.936
2025-11-18,0.163,0.163,0.165,0.138,258.724
2025-11-17,0.155,0.165,0.172,0.133,183.268
2025-11-14,0.156,0.155,0.159,0.133,152.369
2025-11-13,0.158,0.157,0.158,0.130,446.165
2025-11-12,0.140,0.160,0.162,0.140,358.798
2025-11-11,0.136,0.140,0.154,0.136,233.979
2025-11-10,0.152,0.137,0.152,0.132,239.482
2025-11-07,0.137,0.152,0.154,0.137,274.911
2025-11-06,0.157,0.139,0.157,0.139,405.679
2025-11-05,0.157,0.157,0.157,0.139,161.570
2025-11-04,0.158,0.158,0.158,0.140,256.487
2025-11-03,0.158,0.158,0.158,0.140,444.009
2025-10-31,0.154,0.158,0.172,0.137,224.843
2025-10-30,0.161,0.156,0.156,0.138,164.007
2025-10-29,0.161,0.161,0.161,0.156,109.642
2025-10-28,0.165,0.165,0.165,0.142,152.888
2025-10-27,0.164,0.165,0.165,0.163,488.164
2025-10-24,0.162,0.166,0.166,0.143,189.677
2025-10-23,0.170,0.166,0.170,0.136,171.335
2025-10-22,0.170,0.170,0.170,0.156,148.025
2025-10-21,0.151,0.170,0.171,0.146,672.877
2025-10-17,0.149,0.154,0.159,0.139,359.464
2025-10-16,0.149,0.149,0.159,0.143,1183.697
2025-10-15,0.160,0.152,0.160,0.142,770.004
2025-10-14,0.163,0.163,0.169,0.143,389.664
2025-10-13,0.159,0.167,0.172,0.146,485.843
2025-10-10,0.157,0.162,0.162,0.146,634.500
2025-10-09,0.162,0.157,0.162,0.147,269.266
2025-10-08,0.162,0.162,0.162,0.146,174.748
2025-10-07,0.162,0.162,0.165,0.146,368.123
2025-10-06,0.166,0.166,0.171,0.152,217.673
2025-10-03,0.160,0.166,0.180,0.152,547.980
2025-10-02,0.176,0.164,0.176,0.155,289.272
2025-10-01,0.169,0.176,0.178,0.152,197.745
2025-09-30,0.180,0.171,0.182,0.166,217.942
2025-09-29,0.179,0.181,0.185,0.156,226.366
2025-09-26,0.165,0.183,0.192,0.182,166.669
2025-09-25,0.185,0.167,0.199,0.167,499.415
2025-09-24,0.196,0.185,0.196,0.161,463.290
2025-09-23,0.205,0.202,0.205,0.172,451.469
2025-09-22,0.205,0.205,0.214,0.184,473.963
2025-09-19,0.209,0.209,0.250,0.169,394.372
2025-09-18,0.219,0.209,0.212,0.175,243.058
2025-09-17,0.200,0.219,0.238,0.188,430.559
2025-09-16,0.189,0.202,0.221,0.155,434.057
2025-09-12,0.179,0.192,0.199,0.154,417.631
2025-09-11,0.173,0.181,0.194,0.172,152.961
2025-09-10,0.173,0.174,0.202,0.150,404.317
2025-09-09,0.174,0.174,0.174,0.140,323.157
2025-09-08,0.173,0.175,0.175,0.172,339.931
2025-09-05,0.148,0.176,0.176,0.151,733.110
2025-09-04,0.148,0.148,0.152,0.124,305.113
2025-09-03,0.157,0.150,0.157,0.150,112.393
2025-09-02,0.156,0.160,0.174,0.134,204.250
2025-09-01,0.163,0.156,0.163,0.132,255.726
2025-08-29,0.163,0.166,0.168,0.136,196.200
2025-08-28,0.163,0.163,0.177,0.155,517.934
2025-08-27,0.157,0.165,0.169,0.156,204.696
2025-08-26,0.158,0.158,0.159,0.138,528.435
2025-08-25,0.159,0.158,0.159,0.158,104.573
2025-08-22,0.159,0.159,0.159,0.131,72.818
2025-08-21,0.161,0.160,0.161,0.160,83.034
2025-08-20,0.161,0.161,0.161,0.132,174.202
2025-08-19,0.163,0.163,0.165,0.163,318.887
2025-08-15,0.167,0.165,0.168,0.165,149.285
2025-08-14,0.170,0.169,0.169,0.144,239.067
2025-08-13,0.170,0.170,0.174,0.136,670.623
2025-08-12,0.168,0.172,0.180,0.135,304.917
2025-08-11,0.156,0.172,0.172,0.164,216.895
2025-08-08,0.137,0.156,0.164,0.156,318.175
2025-08-07,0.125,0.137,0.137,0.133,57.683
2025-08-06,0.114,0.126,0.126,0.092,545.733
2025-08-05,0.106,0.118,0.122,0.106,446.426
2025-08-04,0.106,0.106,0.111,0.087,98.949
2025-08-01,0.087,0.105,0.111,0.097,135.982
2025-07-31,0.104,0.088,0.110,0.086,166.927
2025-07-30,0.105,0.105,0.105,0.098,180.597
2025-07-29,0.107,0.105,0.105,0.105,179.242
2025-07-28,0.101,0.108,0.109,0.107,129.573
2025-07-25,0.100,0.101,0.101,0.082,73.139
2025-07-23,0.105,0.101,0.113,0.085,142.915
2025-07-22,0.094,0.107,0.107,0.078,137.167
2025-07-21,0.086,0.094,0.094,0.070,80.240
2025-07-18,0.077,0.086,0.086,0.086,77.978
2025-07-17,0.069,0.077,0.079,0.071,486.299
2025-07-16,0.073,0.069,0.074,0.069,85.391
2025-07-15,0.074,0.074,0.074,0.074,78.791
2025-07-14,0.070,0.074,0.074,0.070,91.793
2025-07-11,0.075,0.071,0.075,0.071,357.994
2025-07-10,0.076,0.076,0.076,0.069,201.110
2025-07-09,0.072,0.076,0.080,0.072,102.230
2025-07-08,0.073,0.073,0.080,0.073,25.434
2025-07-07,0.074,0.074,0.083,0.069,49.234
2025-07-04,0.074,0.074,0.078,0.070,35.743
2025-07-03,0.074,0.074,0.078,0.074,26.996
2025-07-02,0.079,0.075,0.079,0.071,336.107
2025-07-01,0.079,0.079,0.079,0.071,243.067
2025-06-30,0.080,0.080,0.080,0.078,47.363
2025-06-27,0.081,0.081,0.081,0.076,33.808
2025-06-26,0.083,0.082,0.083,0.068,178.943
2025-06-25,0.081,0.083,0.083,0.068,60.914
2025-06-20,0.076,0.081,0.087,0.081,199.004
2025-06-19,0.075,0.076,0.088,0.069,175.194
2025-06-18,0.078,0.075,0.078,0.075,86.787
2025-06-17,0.068,0.078,0.078,0.078,27.513
2025-06-13,0.066,0.070,0.070,0.066,31.041
2025-06-12,0.071,0.067,0.074,0.067,138.474
2025-06-11,0.071,0.071,0.074,0.064,78.112
2025-06-10,0.067,0.071,0.071,0.065,183.364
2025-06-09,0.067,0.067,0.071,0.067,56.956
2025-06-06,0.067,0.067,0.071,0.065,1154.846
2025-06-05,0.065,0.069,0.070,0.069,38.952
2025-06-04,0.070,0.065,0.070,0.065,77.712
2025-06-03,0.070,0.070,0.070,0.070,137.780
2025-05-30,0.069,0.070,0.070,0.067,125.429
2025-05-29,0.070,0.069,0.069,0.069,41.180
2025-05-28,0.070,0.070,0.069,0.069,73.254
2025-05-27,0.067,0.070,0.070,0.066,44.226
2025-05-26,0.067,0.067,0.072,0.070,16.703
2025-05-23,0.065,0.067,0.067,0.067,60.253
2025-05-22,0.067,0.065,0.067,0.065,27.112
2025-05-21,0.068,0.068,0.068,0.065,161.419
2025-05-20,0.068,0.068,0.068,0.060,42.626
2025-05-19,0.068,0.068,0.068,0.064,98.895
2025-05-16,0.068,0.068,0.068,0.064,171.144
2025-05-15,0.069,0.069,0.069,0.062,65.220
2025-05-14,0.069,0.069,0.069,0.065,1195.405
2025-05-13,0.071,0.070,0.070,0.066,531.863
2025-05-12,0.070,0.071,0.071,0.070,57.962
2025-05-09,0.072,0.072,0.072,0.068,304.999
2025-05-08,0.072,0.072,0.072,0.068,191.969
2025-05-07,0.076,0.072,0.076,0.068,636.841
2025-05-06,0.078,0.078,0.078,0.078,50.092
2025-05-05,0.078,0.078,0.078,0.078,11.995
2025-05-02,0.079,0.078,0.079,0.078,226.298
2025-04-30,0.076,0.079,0.080,0.076,99.351
2025-04-29,0.079,0.079,0.084,0.079,112.055
2025-04-28,0.085,0.081,0.085,0.081,94.778
2025-04-25,0.085,0.085,0.085,0.084,20.087
2025-04-24,0.086,0.085,0.086,0.080,136.295
2025-04-23,0.087,0.087,0.087,0.087,382.201
2025-04-22,0.090,0.091,0.091,0.090,94.410
2025-04-16,0.091,0.091,0.091,0.090,74.958
2025-04-15,0.091,0.091,0.091,0.091,49.300
2025-04-14,0.092,0.091,0.093,0.091,33.604
2025-04-11,0.098,0.097,0.098,0.097,83.750
2025-04-10,0.098,0.098,0.098,0.083,43.424
2025-04-09,0.099,0.098,0.099,0.083,178.290
2025-04-08,0.104,0.104,0.104,0.104,54.536
2025-04-07,0.102,0.105,0.105,0.090,220.791
2025-04-04,0.103,0.102,0.104,0.102,53.431
2025-04-03,0.105,0.103,0.105,0.091,42.856
2025-04-02,0.105,0.105,0.105,0.105,16.199
2025-04-01,0.102,0.106,0.106,0.106,33.951
2025-03-31,0.106,0.102,0.106,0.102,116.599
2025-03-28,0.106,0.107,0.107,0.105,225.809
2025-03-27,0.108,0.107,0.108,0.098,123.007
2025-03-26,0.108,0.108,0.108,0.108,150.978
2025-03-25,0.106,0.108,0.108,0.106,72.129
2025-03-24,0.107,0.107,0.107,0.107,69.073
2025-03-21,0.109,0.109,0.109,0.102,34.055
2025-03-20,0.109,0.109,0.109,0.105,72.776
2025-03-18,0.115,0.113,0.114,0.113,57.055
2025-03-17,0.115,0.115,0.115,0.114,161.237
2025-03-13,0.114,0.114,0.114,0.114,65.050
2025-03-12,0.114,0.114,0.114,0.099,30.753
2025-03-11,0.113,0.113,0.115,0.113,10.580
2025-03-10,0.115,0.115,0.116,0.111,55.694
2025-03-07,0.116,0.116,0.116,0.116,7.299
2025-03-06,0.117,0.116,0.116,0.112,9047.988
2025-03-05,0.114,0.117,0.117,0.117,93.692
2025-02-28,0.101,0.114,0.114,0.113,162.295
2025-02-27,0.113,0.101,0.113,0.101,379.214
2025-02-26,0.113,0.114,0.114,0.113,17314.706
2025-02-25,0.115,0.114,0.115,0.103,1472.589
2025-02-24,0.116,0.115,0.115,0.115,42.439
2025-02-21,0.116,0.116,0.116,0.114,152.649
2025-02-20,0.112,0.117,0.117,0.117,32.947
2025-02-19,0.118,0.113,0.118,0.113,25.528
2025-02-18,0.118,0.118,0.118,0.118,3615.785
2025-02-17,0.115,0.118,0.118,0.118,9498.985
2025-02-14,0.113,0.115,0.115,0.115,60.068
2025-02-13,0.114,0.114,0.114,0.113,6987.249
2025-02-12,0.120,0.115,0.120,0.115,60.415
2025-02-11,0.121,0.121,0.121,0.121,78.327
2025-02-10,0.121,0.121,0.122,0.121,21.021
2025-02-07,0.121,0.121,0.121,0.121,5.101
2025-02-06,0.125,0.123,0.123,0.123,23.719
2025-02-05,0.124,0.126,0.136,0.122,74.147
2025-02-04,0.123,0.125,0.125,0.120,114.875
2025-02-03,0.125,0.123,0.125,0.123,135.459
2025-01-31,0.126,0.126,0.126,0.126,70.478
2025-01-30,0.122,0.127,0.131,0.127,28.555
2025-01-29,0.128,0.122,0.122,0.122,23.497
2025-01-28,0.123,0.129,0.129,0.129,25726.202
2025-01-27,0.124,0.124,0.129,0.129,2.193
2025-01-24,0.133,0.125,0.133,0.125,34.436
2025-01-23,0.134,0.134,0.135,0.133,70.591
2025-01-22,0.136,0.136,0.136,0.134,18.651
2025-01-21,0.135,0.136,0.137,0.135,7052.604
2025-01-20,0.142,0.135,0.142,0.135,41.021
2025-01-17,0.143,0.143,0.144,0.143,7257.212
2025-01-16,0.144,0.144,0.144,0.144,45.680
2025-01-15,0.145,0.145,0.145,0.139,25.748
2025-01-14,0.145,0.145,0.146,0.145,165.362
2025-01-10,0.149,0.145,0.145,0.143,51.730
2025-01-08,0.151,0.151,0.151,0.151,35.302
2025-01-07,0.151,0.151,0.151,0.151,93.006
2025-01-03,0.152,0.152,0.153,0.153,6.287
2025-01-02,0.133,0.154,0.158,0.154,311.745
2024-12-30,0.134,0.134,0.134,0.134,65.044
2024-12-27,0.128,0.135,0.135,0.128,77.916
2024-12-26,0.128,0.128,0.128,0.128,69.709
2024-12-23,0.128,0.128,0.134,0.128,76.956
2024-12-20,0.135,0.129,0.135,0.129,40.327
2024-12-19,0.136,0.136,0.137,0.136,13693.658
2024-12-18,0.137,0.137,0.137,0.137,11.614
2024-12-17,0.137,0.137,0.137,0.137,9644.773
2024-12-16,0.138,0.137,0.137,0.137,42.250
2024-12-12,0.141,0.141,0.141,0.141,18.289
2024-12-11,0.142,0.142,0.142,0.142,8513.041
2024-12-10,0.142,0.142,0.142,0.141,80.855
2024-12-09,0.144,0.143,0.143,0.142,120.546
2024-12-05,0.150,0.146,0.146,0.146,8816.354
2024-12-04,0.146,0.150,0.151,0.146,247.570
2024-12-03,0.147,0.147,0.151,0.147,8940.987
2024-12-02,0.147,0.147,0.154,0.147,67.979
2024-11-29,0.155,0.148,0.155,0.144,462.852
2024-11-28,0.160,0.156,0.160,0.156,72.933
2024-11-27,0.161,0.161,0.161,0.160,23949.830
2024-11-26,0.161,0.161,0.161,0.161,193.938
2024-11-25,0.161,0.161,0.161,0.161,27.361
2024-11-22,0.162,0.162,0.162,0.162,19.924
2024-11-21,0.177,0.163,0.163,0.163,14733.750
2024-11-20,0.158,0.178,0.181,0.158,326.972
2024-11-19,0.150,0.159,0.164,0.140,255.949
2024-11-15,0.151,0.151,0.152,0.151,11.931
2024-11-14,0.152,0.152,0.152,0.149,94.917
2024-11-13,0.153,0.153,0.153,0.153,46.379
2024-11-12,0.145,0.153,0.155,0.151,58.502
2024-11-11,0.157,0.146,0.157,0.142,534.441
2024-11-08,0.159,0.159,0.159,0.158,82.083
2024-11-07,0.160,0.160,0.160,0.160,10244.027
2024-11-06,0.170,0.161,0.168,0.161,187.892
2024-11-05,0.172,0.172,0.187,0.172,67.140
2024-11-01,0.170,0.173,0.174,0.170,38.440
2024-10-31,0.146,0.171,0.174,0.170,66.651
2024-10-30,0.171,0.147,0.172,0.147,941.589
2024-10-29,0.174,0.173,0.174,0.173,39.723
2024-10-28,0.171,0.177,0.177,0.177,27.409
2024-10-25,0.172,0.172,0.178,0.172,56.029
2024-10-24,0.184,0.178,0.184,0.178,202.462
2024-10-23,0.184,0.184,0.184,0.184,23.244
2024-10-22,0.179,0.185,0.185,0.185,72.685
2024-10-21,0.179,0.179,0.179,0.153,18005.090
2024-10-18,0.192,0.179,0.192,0.179,209.540
2024-10-17,0.179,0.192,0.192,0.192,14394.359
2024-10-16,0.180,0.180,0.180,0.180,18067.036
2024-10-15,0.180,0.180,0.206,0.180,44.794
2024-10-14,0.180,0.180,0.181,0.180,109.347
2024-10-11,0.186,0.186,0.186,0.186,47.101
2024-10-10,0.187,0.187,0.200,0.187,33.800
2024-10-09,0.186,0.189,0.189,0.189,147.174
2024-10-08,0.186,0.186,0.189,0.186,130.185
2024-10-07,0.186,0.186,0.186,0.186,84.665
2024-10-04,0.187,0.187,0.190,0.187,218.907
2024-10-03,0.188,0.187,0.190,0.187,5687.175
2024-10-02,0.190,0.188,0.190,0.163,237.292
2024-10-01,0.196,0.190,0.195,0.190,137.290
2024-09-30,0.198,0.196,0.196,0.196,223.001
2024-09-27,0.201,0.198,0.201,0.198,81.572
2024-09-26,0.204,0.201,0.204,0.201,105.250
2024-09-25,0.204,0.204,0.204,0.190,6149.851
2024-09-24,0.204,0.204,0.204,0.204,138.791
2024-09-23,0.212,0.204,0.204,0.204,76.630
2024-09-20,0.218,0.213,0.218,0.213,22.594
2024-09-19,0.218,0.218,0.218,0.218,140.599
2024-09-18,0.218,0.218,0.218,0.218,26.594
2024-09-17,0.218,0.218,0.218,0.215,45.905
2024-09-13,0.218,0.218,0.218,0.218,172.643
2024-09-12,0.218,0.218,0.218,0.218,7.847
2024-09-11,0.218,0.218,0.218,0.218,1027.248
2024-09-10,0.205,0.219,0.219,0.219,24.481
2024-09-09,0.205,0.205,0.205,0.205,129.098
2024-09-06,0.205,0.205,0.205,0.205,50.615
2024-09-05,0.205,0.205,0.219,0.205,1034.454
2024-09-04,0.203,0.205,0.219,0.204,2327.036
2024-09-03,0.205,0.203,0.219,0.203,144.311
2024-09-02,0.205,0.205,0.219,0.191,171.410
2024-08-29,0.205,0.205,0.205,0.192,52.932
2024-08-28,0.205,0.205,0.205,0.205,93.904
2024-08-27,0.219,0.205,0.216,0.205,139.359
2024-08-26,0.219,0.219,0.227,0.219,26.310
2024-08-23,0.219,0.219,0.219,0.219,49.180
2024-08-22,0.219,0.219,0.219,0.201,33.227
2024-08-21,0.199,0.219,0.219,0.201,179.825
2024-08-20,0.193,0.199,0.199,0.199,265.473
2024-08-16,0.186,0.193,0.199,0.193,50.873
2024-08-15,0.186,0.186,0.186,0.186,59.268
2024-08-14,0.191,0.186,0.191,0.186,61.913
2024-08-13,0.191,0.191,0.199,0.191,65.197
2024-08-12,0.194,0.191,0.199,0.178,170.628
2024-08-09,0.201,0.194,0.199,0.194,281.301
2024-08-08,0.204,0.201,0.205,0.201,112.102
2024-08-07,0.205,0.204,0.205,0.204,157.760
2024-08-06,0.173,0.205,0.205,0.204,40.505
2024-08-05,0.216,0.173,0.232,0.173,404.220
2024-08-02,0.189,0.216,0.219,0.216,95.585
2024-08-01,0.189,0.189,0.191,0.189,13.251
2024-07-31,0.189,0.189,0.189,0.189,35.066
2024-07-29,0.190,0.190,0.190,0.190,4.182
2024-07-26,0.186,0.189,0.189,0.186,134.836
2024-07-25,0.178,0.186,0.192,0.178,70.970
2024-07-23,0.192,0.178,0.192,0.178,180.219
2024-07-22,0.180,0.188,0.188,0.188,35.282
2024-07-19,0.184,0.184,0.184,0.184,43.871
2024-07-18,0.188,0.184,0.188,0.184,146.749
2024-07-17,0.184,0.188,0.188,0.188,73.567
2024-07-16,0.187,0.184,0.192,0.183,34.062
2024-07-15,0.178,0.186,0.186,0.186,43.781
2024-07-12,0.192,0.178,0.178,0.164,347.471
2024-07-11,0.192,0.192,0.192,0.191,164.516
2024-07-10,0.173,0.192,0.192,0.173,84.519
2024-07-09,0.173,0.173,0.192,0.173,35.708
2024-07-08,0.162,0.173,0.179,0.165,480.401
2024-07-04,0.179,0.162,0.179,0.162,594.398
2024-07-03,0.162,0.179,0.179,0.162,528.113
2024-07-02,0.162,0.162,0.162,0.162,109.362
2024-07-01,0.162,0.162,0.173,0.161,157.471
2024-06-28,0.162,0.162,0.179,0.162,220.426
2024-06-27,0.162,0.162,0.162,0.162,59.124
2024-06-26,0.165,0.162,0.162,0.162,37.256
2024-06-25,0.165,0.165,0.165,0.165,51.570
2024-06-21,0.165,0.165,0.165,0.165,58.512
2024-06-20,0.165,0.165,0.172,0.165,61.191
2024-06-19,0.165,0.165,0.165,0.135,164.915
2024-06-18,0.159,0.165,0.172,0.165,161.854
2024-06-14,0.159,0.159,0.159,0.158,100.379
2024-06-13,0.159,0.159,0.172,0.130,89.070
2024-06-12,0.165,0.159,0.165,0.159,51.330
2024-06-11,0.159,0.165,0.172,0.165,185.957
2024-06-10,0.172,0.156,0.162,0.148,90.102
2024-06-07,0.176,0.176,0.179,0.176,127.702
2024-06-06,0.175,0.175,0.175,0.175,35.419
2024-06-05,0.176,0.176,0.179,0.176,52.993
2024-06-04,0.176,0.176,0.179,0.176,299.703
2024-05-31,0.174,0.176,0.176,0.174,46.104
2024-05-30,0.174,0.174,0.176,0.174,225.592
2024-05-29,0.174,0.174,0.174,0.174,49.930
2024-05-28,0.159,0.174,0.174,0.159,110.870
2024-05-27,0.145,0.159,0.159,0.158,103.507
2024-05-24,0.177,0.145,0.178,0.145,28.619
2024-05-23,0.178,0.177,0.178,0.177,46.678
2024-05-22,0.178,0.178,0.178,0.178,42.608
2024-05-21,0.178,0.178,0.178,0.178,34.148
2024-05-20,0.178,0.178,0.178,0.178,58.411
2024-05-16,0.178,0.178,0.186,0.178,13.068
2024-05-15,0.178,0.178,0.178,0.178,79.781
2024-05-14,0.168,0.178,0.178,0.170,38.651
2024-05-10,0.192,0.168,0.189,0.168,78.522
2024-05-09,0.192,0.192,0.192,0.192,13.425
2024-05-08,0.188,0.192,0.192,0.192,37.973
2024-05-07,0.189,0.188,0.188,0.188,41.475
2024-05-06,0.188,0.190,0.190,0.188,222.475
2024-05-03,0.188,0.188,0.191,0.165,98.457
2024-05-02,0.193,0.189,0.193,0.189,244.613
2024-04-30,0.193,0.193,0.193,0.168,118.375
2024-04-29,0.196,0.193,0.196,0.193,12.740
2024-04-26,0.196,0.196,0.197,0.196,69.564
2024-04-25,0.196,0.196,0.198,0.196,132.332
2024-04-24,0.198,0.196,0.198,0.196,84.815
2024-04-23,0.198,0.198,0.198,0.198,71.306
2024-04-22,0.197,0.198,0.198,0.194,403.944
2024-04-18,0.199,0.198,0.199,0.198,147.195
2024-04-17,0.199,0.199,0.199,0.199,20.884
2024-04-16,0.198,0.199,0.199,0.199,40.177
2024-04-15,0.199,0.198,0.199,0.198,11.865
2024-04-12,0.199,0.199,0.216,0.199,130.920
2024-04-11,0.199,0.199,0.222,0.199,32.690
2024-04-10,0.199,0.199,0.216,0.199,110.526
2024-04-09,0.199,0.199,0.230,0.199,174.485
2024-04-08,0.199,0.199,0.199,0.199,79.778
2024-04-05,0.199,0.199,0.207,0.207,5.387
2024-04-04,0.199,0.199,0.199,0.199,12.331
2024-04-02,0.199,0.199,0.218,0.199,268.475
2024-04-01,0.246,0.199,0.246,0.199,239.072
2024-03-27,0.246,0.246,0.246,0.246,6.146
2024-03-26,0.218,0.245,0.245,0.218,244.920
2024-03-25,0.207,0.218,0.246,0.218,118.765
2024-03-22,0.207,0.207,0.246,0.207,32.610
2024-03-21,0.207,0.207,0.207,0.207,99.793
2024-03-20,0.207,0.207,0.207,0.207,2.072
2024-03-18,0.207,0.207,0.207,0.207,15.331
2024-03-15,0.207,0.207,0.207,0.196,39.232
2024-03-14,0.207,0.207,0.202,0.202,1.815
2024-03-13,0.208,0.208,0.202,0.202,3.438
2024-03-12,0.208,0.208,0.247,0.208,40.859
2024-03-08,0.206,0.208,0.225,0.208,69.167
2024-03-07,0.206,0.206,0.206,0.206,27.750
2024-03-06,0.194,0.206,0.206,0.204,37.789
2024-03-05,0.194,0.194,0.203,0.203,6.894
2024-03-04,0.233,0.194,0.226,0.194,58.924
2024-03-01,0.233,0.233,0.231,0.231,4.611
2024-02-29,0.233,0.233,0.233,0.233,15.363
2024-02-28,0.233,0.233,0.233,0.233,26.367
2024-02-27,0.236,0.233,0.236,0.233,64.119
2024-02-26,0.235,0.235,0.235,0.235,7.535
2024-02-23,0.235,0.235,0.235,0.235,11.745
2024-02-22,0.235,0.235,0.240,0.235,16.541
2024-02-21,0.240,0.235,0.243,0.235,206.588
2024-02-20,0.249,0.240,0.246,0.240,74.425
2024-02-19,0.249,0.249,0.246,0.243,11.041
2024-02-16,0.249,0.249,0.273,0.249,4.127
2024-02-15,0.249,0.249,0.249,0.249,10.193
2024-02-14,0.249,0.249,0.273,0.249,62.130
2024-02-09,0.241,0.249,0.274,0.241,18.122
2024-02-08,0.235,0.240,0.240,0.235,48.310
2024-02-07,0.235,0.235,0.235,0.235,38.698
2024-02-06,0.246,0.235,0.235,0.235,29.660
2024-02-05,0.247,0.246,0.246,0.246,108.233
2024-02-02,0.246,0.246,0.246,0.246,10.818
2024-02-01,0.246,0.247,0.247,0.246,40.421
2024-01-31,0.248,0.246,0.247,0.246,18.946
2024-01-30,0.249,0.248,0.249,0.245,15.602
2024-01-29,0.250,0.250,0.246,0.246,2.458
2024-01-26,0.247,0.250,0.250,0.250,19.237
2024-01-25,0.247,0.247,0.250,0.247,14.111
2024-01-24,0.249,0.247,0.249,0.246,118.447
2024-01-23,0.249,0.249,0.249,0.249,58.550
2024-01-22,0.267,0.250,0.250,0.250,71.000
2024-01-19,0.248,0.267,0.290,0.248,75.121
2024-01-18,0.247,0.248,0.250,0.248,101.433
2024-01-17,0.209,0.248,0.248,0.247,143.967
2024-01-16,0.186,0.209,0.221,0.196,37.986
2024-01-15,0.162,0.186,0.194,0.165,36.173
2024-01-12,0.162,0.162,0.182,0.182,7.989
2024-01-11,0.166,0.162,0.193,0.162,66.997
2024-01-10,0.158,0.166,0.166,0.166,41.435
2024-01-09,0.139,0.158,0.158,0.139,24.994
2024-01-08,0.139,0.139,0.166,0.166,2.818
2024-01-05,0.139,0.139,0.166,0.139,5.570
2024-01-03,0.137,0.139,0.141,0.137,46.811
2024-01-02,0.137,0.137,0.137,0.137,8.897
2023-12-29,0.119,0.137,0.137,0.137,21.137
2023-12-28,0.119,0.119,0.137,0.119,65.987
2023-12-27,0.119,0.119,0.119,0.119,28.333
2023-12-26,0.104,0.119,0.119,0.119,11.409
2023-12-22,0.104,0.104,0.112,0.112,8.989
2023-12-21,0.095,0.104,0.104,0.104,13.615
2023-12-20,0.095,0.095,0.095,0.095,2.761
2023-12-19,0.095,0.095,0.095,0.095,165.858
2023-12-18,0.096,0.095,0.096,0.095,30.439
2023-12-15,0.097,0.096,0.110,0.096,35.606
2023-12-14,0.099,0.097,0.099,0.096,44.687
2023-12-13,0.102,0.099,0.103,0.097,448.351
2023-12-12,0.103,0.102,0.102,0.099,18.002
2023-12-08,0.099,0.103,0.104,0.099,91.790
2023-12-07,0.093,0.099,0.104,0.093,74.042
2023-12-06,0.093,0.093,0.093,0.093,7.528
2023-12-05,0.089,0.093,0.093,0.090,60.452
2023-12-04,0.083,0.089,0.093,0.089,54.344
2023-12-01,0.071,0.083,0.083,0.078,90.473
2023-11-30,0.066,0.071,0.078,0.071,29.590
2023-11-29,0.066,0.066,0.078,0.078,10.487
2023-11-28,0.069,0.066,0.069,0.066,113.119
2023-11-27,0.065,0.069,0.071,0.065,48.531
2023-11-24,0.065,0.065,0.073,0.065,38.932
2023-11-23,0.056,0.065,0.065,0.065,50.458
2023-11-22,0.056,0.056,0.055,0.055,5.508
2023-11-21,0.056,0.056,0.056,0.056,228.794
2023-11-20,0.054,0.056,0.056,0.054,62.833
2023-11-17,0.048,0.054,0.054,0.048,12.671
2023-11-16,0.048,0.048,0.048,0.048,204.482
2023-11-15,0.048,0.048,0.048,0.045,14.887
2023-11-14,0.042,0.048,0.048,0.048,65.014
2023-11-13,0.042,0.042,0.045,0.045,5.000
2023-11-10,0.042,0.042,0.043,0.042,9.396
2023-11-09,0.042,0.042,0.042,0.042,140.043
2023-11-08,0.042,0.042,0.042,0.036,16.509
2023-11-07,0.038,0.042,0.042,0.042,23.263
2023-11-02,0.034,0.039,0.040,0.039,21.797
2023-11-01,0.042,0.034,0.040,0.034,21.171
2023-10-31,0.043,0.042,0.042,0.042,12.636
2023-10-26,0.043,0.043,0.043,0.042,4.719
2023-10-25,0.043,0.043,0.043,0.043,47.278
2023-10-24,0.037,0.043,0.044,0.040,40.989
2023-10-23,0.037,0.037,0.043,0.040,8.856
2023-10-20,0.037,0.037,0.043,0.037,23.270
2023-10-19,0.037,0.037,0.037,0.037,20.006
2023-10-18,0.037,0.037,0.039,0.039,8.086
2023-10-13,0.037,0.037,0.037,0.037,24.873
2023-10-11,0.035,0.037,0.037,0.035,16.402
2023-10-10,0.035,0.035,0.037,0.029,7.268
2023-10-09,0.035,0.035,0.035,0.035,8.544
2023-10-06,0.035,0.035,0.036,0.036,3.251
2023-10-04,0.035,0.035,0.036,0.036,3.634
2023-10-03,0.035,0.035,0.036,0.036,3.852
2023-09-29,0.035,0.035,0.035,0.035,30.035
2023-09-28,0.035,0.035,0.035,0.035,21.474
2023-09-27,0.035,0.035,0.035,0.035,0.706
2023-09-26,0.035,0.035,0.035,0.035,0.956
2023-09-22,0.036,0.036,0.036,0.036,8.947
2023-09-21,0.036,0.036,0.036,0.036,35.964
2023-09-20,0.036,0.036,0.036,0.036,1.674
2023-09-19,0.036,0.036,0.039,0.036,10.240
2023-09-18,0.036,0.036,0.036,0.036,10.778
2023-09-15,0.036,0.036,0.036,0.036,6.503
2023-09-14,0.036,0.036,0.036,0.033,30.246
2023-09-13,0.037,0.036,0.037,0.036,10.541
2023-09-12,0.038,0.037,0.037,0.037,7.447
2023-09-08,0.038,0.038,0.038,0.038,7.538
2023-09-07,0.038,0.039,0.043,0.038,65.584
2023-09-06,0.037,0.037,0.037,0.037,24.806
2023-09-05,0.037,0.037,0.037,0.037,12.445
2023-09-04,0.038,0.038,0.039,0.038,14.044
2023-09-01,0.038,0.038,0.041,0.038,7.873
2023-08-31,0.041,0.038,0.039,0.038,23.546
2023-08-30,0.038,0.041,0.041,0.041,6.491
2023-08-28,0.038,0.038,0.038,0.038,0.830
2023-08-25,0.039,0.038,0.038,0.032,43.966
2023-08-24,0.038,0.039,0.039,0.031,24.431
2023-08-23,0.041,0.038,0.038,0.038,3.774
2023-08-22,0.044,0.041,0.041,0.041,4.543
2023-08-21,0.044,0.044,0.044,0.044,9.708
2023-08-18,0.044,0.044,0.044,0.044,22.725
2023-08-17,0.043,0.044,0.044,0.044,0.443
2023-08-16,0.044,0.043,0.043,0.043,6.707
2023-08-15,0.046,0.046,0.046,0.046,1.370
2023-08-10,0.046,0.047,0.047,0.047,3.440
2023-08-09,0.046,0.046,0.046,0.044,4.421
2023-08-08,0.046,0.046,0.046,0.046,9.681
2023-08-07,0.045,0.046,0.046,0.046,36.735
2023-08-03,0.047,0.046,0.046,0.046,4.558
2023-08-02,0.047,0.047,0.047,0.047,8.574
2023-08-01,0.047,0.047,0.047,0.047,13.363
2023-07-31,0.048,0.047,0.048,0.047,16.559
2023-07-28,0.048,0.048,0.048,0.048,8.330
2023-07-27,0.044,0.048,0.048,0.048,6.141
2023-07-26,0.048,0.044,0.044,0.044,10.053
2023-07-25,0.048,0.048,0.048,0.048,14.859
2023-07-21,0.048,0.048,0.048,0.048,6.757
2023-07-20,0.048,0.048,0.048,0.048,0.483
2023-07-19,0.042,0.049,0.049,0.049,10.887
2023-07-18,0.050,0.042,0.050,0.042,61.625
2023-07-17,0.051,0.051,0.051,0.051,26.474
2023-07-12,0.050,0.051,0.051,0.050,10.199
2023-07-11,0.042,0.050,0.050,0.042,11.344
2023-07-10,0.049,0.042,0.051,0.042,411.440
2023-07-07,0.051,0.049,0.049,0.049,15.961
2023-07-06,0.051,0.051,0.051,0.051,3.382
2023-07-04,0.052,0.052,0.052,0.052,10.929
2023-06-30,0.054,0.052,0.052,0.052,23.471
2023-06-29,0.054,0.054,0.054,0.054,8.576
2023-06-28,0.054,0.054,0.054,0.054,12.462
2023-06-27,0.054,0.054,0.054,0.054,5.960
2023-06-26,0.055,0.055,0.055,0.055,9.422
2023-06-23,0.054,0.054,0.054,0.054,3.793
2023-06-22,0.058,0.055,0.055,0.055,1.643
2023-06-21,0.060,0.058,0.059,0.055,7.542
2023-06-20,0.062,0.064,0.065,0.062,14.331
2023-06-16,0.062,0.059,0.059,0.059,17.019
2023-06-15,0.063,0.062,0.062,0.062,14.963
2023-06-14,0.056,0.063,0.065,0.063,7.401
2023-06-09,0.056,0.056,0.058,0.054,34.017
2023-06-08,0.053,0.056,0.056,0.056,3.473
2023-06-07,0.053,0.053,0.053,0.053,4.271
2023-06-06,0.054,0.054,0.054,0.054,30.168
2023-06-05,0.046,0.054,0.055,0.053,11.258
2023-06-02,0.057,0.046,0.056,0.046,235.820
2023-06-01,0.050,0.057,0.059,0.052,29.906
2023-05-31,0.061,0.050,0.059,0.050,267.662
2023-05-30,0.063,0.062,0.063,0.062,10.310
2023-05-29,0.063,0.063,0.063,0.058,41.515
2023-05-26,0.063,0.063,0.063,0.058,26.666
2023-05-25,0.063,0.063,0.063,0.063,8.250
2023-05-24,0.055,0.064,0.064,0.055,309.159
2023-05-23,0.053,0.055,0.055,0.055,0.442
2023-05-19,0.045,0.053,0.053,0.053,7.412
2023-05-18,0.055,0.045,0.055,0.045,41.145
2023-05-17,0.046,0.055,0.055,0.046,105.512
2023-05-16,0.051,0.046,0.051,0.046,29505.471
2023-05-15,0.048,0.052,0.057,0.052,17.558
2023-05-12,0.052,0.048,0.052,0.048,1.068
2023-05-11,0.047,0.052,0.052,0.052,1.916
2023-05-10,0.047,0.047,0.047,0.047,68.062
2023-05-09,0.040,0.047,0.048,0.047,7.120
2023-05-08,0.040,0.040,0.040,0.040,87.020
2023-05-05,0.044,0.040,0.044,0.040,61.104
2023-05-04,0.044,0.044,0.044,0.044,11.000
2023-05-03,0.045,0.045,0.045,0.045,44.534
2023-05-02,0.043,0.045,0.045,0.043,39.373
2023-04-28,0.045,0.043,0.000,0.000,110.574
2023-04-27,0.052,0.045,0.000,0.000,128.885
2023-04-26,0.046,0.046,0.000,0.000,13.110
2023-04-24,0.046,0.046,0.046,0.046,6.440
2023-04-21,0.046,0.046,0.046,0.046,2.765
2023-04-20,0.047,0.046,0.046,0.046,1.845
2023-04-18,0.047,0.047,0.047,0.045,60.822
2023-04-17,0.047,0.047,0.047,0.046,10.651
2023-04-12,0.040,0.047,0.047,0.047,5.206
2023-04-05,0.040,0.040,0.040,0.040,9.986
2023-04-04,0.040,0.040,0.040,0.040,1.598
2023-04-03,0.040,0.040,0.040,0.040,3.996
2023-03-31,0.034,0.040,0.040,0.040,2.008
2023-03-29,0.035,0.035,0.035,0.035,64.027
2023-03-28,0.035,0.035,0.035,0.035,35.049
2023-03-27,0.035,0.035,0.035,0.035,4.158
2023-03-24,0.035,0.035,0.035,0.031,16.682
2023-03-22,0.035,0.035,0.035,0.035,0.699
2023-03-21,0.035,0.035,0.035,0.035,7.337
2023-03-20,0.035,0.035,0.036,0.035,12.247
2023-03-17,0.036,0.035,0.036,0.035,2.828
2023-03-15,0.035,0.035,0.035,0.035,3.527
2023-03-14,0.034,0.035,0.037,0.035,7.427
2023-03-13,0.034,0.034,0.034,0.034,32.639
2023-03-10,0.034,0.034,0.034,0.034,0.689
2023-03-09,0.037,0.034,0.036,0.030,20.367
2023-03-08,0.037,0.037,0.037,0.037,5.471
2023-03-07,0.037,0.037,0.037,0.037,0.740
2023-03-06,0.037,0.037,0.037,0.037,3.663
2023-03-02,0.037,0.037,0.037,0.033,36.728
2023-03-01,0.034,0.037,0.037,0.037,11.434
2023-02-24,0.033,0.035,0.035,0.035,24.936
2023-02-23,0.033,0.033,0.033,0.033,6.584
2023-02-22,0.033,0.033,0.033,0.033,16.790
2023-02-17,0.030,0.034,0.034,0.034,1.688
2023-02-15,0.030,0.030,0.030,0.030,5.000
2023-02-14,0.028,0.030,0.030,0.028,8.172
2023-02-10,0.028,0.028,0.028,0.028,1.114
2023-02-09,0.028,0.028,0.028,0.028,1.119
2023-02-08,0.029,0.029,0.029,0.029,44.571
2023-02-07,0.030,0.030,0.030,0.030,21.654
2023-02-06,0.031,0.030,0.031,0.030,1.524
2023-02-03,0.031,0.031,0.031,0.031,9.643
2023-02-02,0.032,0.032,0.032,0.032,2.899
2023-02-01,0.031,0.033,0.033,0.033,0.985
2023-01-31,0.030,0.031,0.031,0.031,1.526
2023-01-30,0.031,0.030,0.031,0.030,13.028
2023-01-27,0.031,0.031,0.031,0.031,20.332
2023-01-26,0.026,0.031,0.031,0.027,23.464
2023-01-25,0.026,0.026,0.026,0.026,6.505
2023-01-24,0.025,0.028,0.028,0.028,2.764
2023-01-23,0.027,0.025,0.028,0.025,20.151
2023-01-20,0.028,0.027,0.027,0.027,1.598
2023-01-19,0.032,0.028,0.030,0.026,26.704
2023-01-18,0.032,0.032,0.032,0.032,0.649
2023-01-17,0.034,0.032,0.033,0.031,20.061
2023-01-16,0.030,0.034,0.034,0.034,2.708
2023-01-13,0.030,0.030,0.030,0.030,20.617
2023-01-12,0.031,0.031,0.031,0.031,3.968
2023-01-11,0.030,0.030,0.030,0.030,1.215
2023-01-10,0.032,0.032,0.032,0.032,0.949
2023-01-06,0.033,0.033,0.033,0.033,4.940
2023-01-05,0.033,0.033,0.033,0.033,5.303
2023-01-03,0.034,0.034,0.034,0.034,13.567
